UNODC Name,2000,2001,2002,2003,2004,2005,2006,2007,2008,2009,2010,2011,2012,2013,2014,2015,2016
Burundi,,,,,,,,, 4.2 , 4.4 , 4.0 , 3.9 , 5.4 , 5.4 , 5.7 , 4.5 , 6.0 
Comoros, 10.4 ,,,,, 9.5 ,,,,, 8.5 ,,,,, 7.7 ,
Djibouti, 8.9 ,,,,, 8.1 ,,,,, 7.4 ,,,,, 6.5 ,
Eritrea, 9.9 ,,,,, 9.6 ,,,,, 8.9 ,,,,, 8.0 ,
Ethiopia, 10.7 ,,,,, 9.4 ,,,,, 8.5 ,,,,, 7.6 ,
Kenya,,,,, 3.4 , 3.0 , 3.0 , 2.9 , 3.1 , 4.7 , 4.7 , 5.3 , 5.4 , 5.5 , 5.0 , 4.8 , 4.9 
Madagascar, 11.4 ,,,,, 10.0 ,,,,, 9.2 ,,,,, 7.7 ,
Malawi, 6.2 , 7.7 , 4.7 , 2.4 , 3.2 , 1.5 , 6.1 , 5.0 , 5.5 , 2.2 , 3.4 , 2.2 , 1.7 ,,,,
Mauritius, 2.2 ,,, 3.2 , 2.9 , 3.0 , 4.1 , 3.6 , 3.9 , 3.1 , 2.6 , 2.7 , 2.3 , 2.8 , 1.5 , 1.7 , 1.8 
Mayotte,,,,,,,, 14.2 , 2.5 , 5.9 ,,,,,,,
Mozambique,, 5.9 , 5.4 , 5.3 , 5.6 , 5.2 , 4.1 , 3.8 , 4.4 , 3.5 , 3.6 , 3.4 ,,,,,
Réunion,,,,, 2.9 , 3.2 , 2.4 , 3.0 , 2.2 , 1.8 ,,,,,,,
Rwanda,,,,,,, 3.5 , 2.8 , 1.5 ,, 2.8 ,, 2.4 , 3.2 , 3.8 , 2.5 ,
Seychelles,,,,, 11.4 ,, 10.0 , 8.9 , 6.6 , 15.4 , 9.8 , 17.4 , 4.3 , 19.4 , 17.2 , 7.5 , 12.7 
Somalia, 5.4 ,,,,, 5.0 ,,,,, 5.3 ,,,,, 4.3 ,
South Sudan,,,,,,,,,,,,, 13.9 ,,,,
Uganda,,,, 8.0 , 7.4 , 8.7 , 9.1 , 8.6 , 8.8 , 9.9 , 9.3 , 10.7 , 11.2 , 10.3 , 11.5 ,,
United Republic of Tanzania,,,, 7.5 , 7.6 ,,,,,, 8.4 , 8.7 , 8.3 , 7.3 , 7.5 , 7.0 ,
Zambia, 7.6 ,,,,,,,, 5.3 , 6.0 , 5.9 , 6.0 , 6.0 , 5.7 , 5.3 , 5.3 ,
Zimbabwe,, 12.4 , 13.0 , 10.8 , 10.6 , 10.4 , 8.2 ,,,, 5.0 ,, 6.7 ,,,,
Angola,,,,,,,,,,,, 4.4 , 4.8 ,,,,
Cameroon, 3.0 , 4.8 , 6.4 , 6.1 ,,,,, 4.1 , 6.6 , 5.0 , 4.1 , 4.2 ,,,,
Central African Republic,,,,,,,,,,,,,,,,, 19.8 
Chad, 11.4 ,,,,, 10.7 ,,,,, 9.7 ,,,,, 9.0 ,
Congo, 11.3 ,,,,, 10.6 ,,,,, 9.9 ,,,,, 9.3 ,
Democratic Republic of the Congo, 14.1 ,,,,, 14.6 ,,,,, 14.3 ,,,,, 13.5 ,
Equatorial Guinea, 3.3 ,,,,, 2.9 ,,,,, 2.6 ,,,,, 2.3 ,
Gabon, 10.8 ,,,,, 11.0 ,,,,, 8.7 ,,,,, 8.0 ,
Sao Tome and Principe,,,,,,, 2.5 , 2.5 , 8.4 , 2.9 , 3.4 , 3.4 ,,,,,
Algeria,,,, 2.0 , 1.4 , 0.6 , 0.9 , 0.8 , 0.9 , 0.8 , 0.7 , 0.8 , 1.4 , 1.3 , 1.5 , 1.4 ,
Egypt,,,, 0.6 , 0.4 , 0.7 , 0.7 , 0.9 , 1.2 , 1.1 , 2.2 , 3.1 , 2.5 ,,,,
Libya, 3.7 ,,,,, 3.7 ,,,,, 3.1 ,,,,, 2.5 ,
Morocco, 1.6 , 1.9 , 1.6 , 1.7 , 1.6 , 1.5 , 1.6 , 1.7 , 1.3 , 1.4 , 1.4 , 1.3 , 1.1 , 1.3 , 1.0 , 1.2 ,
Sudan,,,,,,,, 4.7 , 5.2 ,,,,,,,,
Tunisia,,,,, 1.9 , 2.6 , 2.4 , 2.7 , 2.7 , 2.4 , 2.7 ,, 3.0 ,,,,
Botswana,, 12.1 , 14.3 , 17.3 , 14.2 , 15.7 , 13.9 , 14.6 , 14.4 , 14.6 , 15.0 ,,,,,,
Lesotho,,,,,,,, 45.1 , 37.6 , 35.8 , 37.4 , 34.5 , 30.7 , 31.1 ,, 41.2 ,
Namibia, 20.0 , 18.3 , 17.6 ,, 17.5 ,,,, 16.8 , 18.2 , 14.4 , 13.9 , 17.1 ,,,,
South Africa, 47.6 , 46.1 , 45.8 , 41.6 , 39.0 , 38.0 , 38.7 , 36.9 , 35.9 , 32.9 , 30.8 , 29.8 , 30.6 , 31.7 , 32.6 , 33.8 , 34.0 
Swaziland,, 18.8 , 13.0 , 13.2 , 13.3 , 13.7 , 10.8 , 14.9 , 18.7 , 15.8 , 17.3 ,,,,,,
Benin, 7.3 ,,,,, 7.2 ,,,,, 6.6 ,,,,, 6.2 ,
Burkina Faso,,, 0.6 , 0.6 , 0.6 , 0.5 , 0.5 , 0.7 , 0.7 , 0.5 , 0.6 , 0.5 , 0.5 , 0.7 , 0.8 , 0.4 ,
Cabo Verde,,,, 3.3 , 4.5 , 9.3 , 7.3 , 6.0 , 6.9 , 7.6 , 7.8 , 10.4 , 10.9 , 10.4 , 12.3 , 8.6 , 11.5 
Côte d'Ivoire, 16.1 ,,,,, 14.7 ,,,,, 12.6 ,,,,, 11.6 ,
Gambia, 12.4 ,,,,, 9.8 ,,,,, 9.8 ,,,,, 9.1 ,
Ghana,, 2.2 , 2.0 , 2.1 , 2.2 , 1.8 , 1.9 , 1.8 , 1.8 , 1.8 , 1.7 , 1.7 ,,,,,
Guinea, 10.9 ,,,,, 10.1 ,,,,, 9.4 ,,,,, 8.8 ,
Guinea-Bissau, 13.0 ,,,,, 11.7 ,,,,, 10.5 ,,,,, 9.5 ,
Liberia,,,,,,,, 2.8 , 4.8 , 3.8 , 3.3 , 4.0 , 3.2 ,,,,
Mali, 12.9 ,,,,, 12.7 ,,,,, 12.2 ,,,,, 10.9 ,
Mauritania, 13.7 ,,,,, 12.4 ,,,,, 10.9 ,,,,, 9.9 ,
Niger,,,,,,,,,,,, 4.9 , 4.4 ,,,,
Nigeria, 12.8 ,,,,, 11.8 ,,,,, 10.7 ,,,,, 9.8 ,
Saint Helena, -   , -   , -   , -   , 22.7 , -   , -   , -   , -   , -   ,,,,,,,
Senegal, 10.0 ,,,,, 9.3 ,,,,, 8.5 ,,,,, 7.4 ,
Sierra Leone,,,,, 2.1 , 1.7 , 1.7 , 2.2 , 3.0 , 2.5 , 2.5 , 2.8 , 1.7 ,,, 1.7 ,
Togo, 10.5 ,,,,, 10.7 ,,,,, 9.6 ,,,,, 9.0 ,
Anguilla, 9.0 , -   , 17.1 , 16.6 , 8.1 , -   , 38.8 , 30.4 , 7.5 , 7.4 , -   , -   , 35.4 , 7.0 , 27.7 ,,
Antigua and Barbuda, 6.0 , 8.2 , 5.8 , 5.7 , 4.5 , 3.4 , 12.2 , 18.6 , 17.3 , 17.1 , 6.3 ,, 10.3 ,,,,
Aruba,, 4.3 , 5.3 , 4.1 , 2.0 , 6.0 , 5.0 , 3.0 , 4.9 , 3.9 , 3.9 , 2.0 , 3.9 , 5.8 , 1.9 ,,
Bahamas, 24.8 , 14.2 , 16.8 , 15.8 , 13.6 , 15.8 , 18.2 , 22.8 , 20.9 , 24.5 , 26.1 , 34.6 , 29.8 , 31.5 , 32.2 , 37.7 , 28.4 
Barbados, 7.4 , 9.2 , 9.2 , 12.1 , 8.1 , 10.6 , 12.7 , 9.1 , 8.3 , 6.8 , 11.1 , 9.6 , 7.8 , 8.5 , 8.8 , 10.9 ,
British Virgin Islands,, 4.7 , 4.6 , 9.1 , 17.7 ,, 8.4 ,,,,,,,,,,
Cayman Islands, 9.6 , 4.6 , -   , 6.5 , 10.6 , 6.2 , 2.0 , 3.9 , 7.6 , 14.7 , 16.2 ,,, 8.6 , 8.4 ,,
Cuba, 5.3 , 5.4 , 5.9 , 5.7 , 5.9 , 6.1 , 5.1 , 5.0 , 4.6 , 5.0 , 4.5 , 4.7 , 5.5 , 5.9 , 5.2 , 5.4 , 5.0 
Curaçao,, 7.7 , 30.3 , 33.6 , 32.0 , 20.1 , 13.6 , 19.2 ,,,,,,,,,
Dominica, 2.9 , 1.4 , 12.9 , 11.4 , 11.4 , 11.3 , 7.1 , 9.9 , 9.8 , 18.3 , 21.0 , 8.4 ,,,,,
Dominican Republic, 14.1 , 12.6 , 14.5 , 21.2 , 24.6 , 25.9 , 22.9 , 22.2 , 24.8 , 24.3 , 25.0 , 25.1 , 22.3 , 19.2 , 17.4 ,, 15.2 
Grenada, 14.8 , 5.9 , 13.7 , 8.8 , 5.8 , 10.7 , 11.6 , 10.6 , 15.4 , 6.7 , 9.6 , 3.8 , 13.3 , 5.7 , 7.5 , 5.6 , 10.2 
Guadeloupe,,,,, 6.0 , 5.2 , 5.4 , 6.5 , 7.2 , 8.0 ,,,,,,,
Haiti,,,,,,,, 5.1 , 5.1 , 6.1 , 6.8 , 9.0 , 10.0 ,,,,
Jamaica, 33.4 , 42.5 , 38.8 , 35.9 , 53.9 , 61.0 , 48.5 , 57.1 , 58.0 , 60.0 , 51.4 , 40.0 , 38.7 , 42.1 , 35.1 , 42.1 , 47.0 
Martinique,,,,, 4.8 , 4.8 , 5.8 , 5.8 , 4.3 , 2.8 ,,,,,,,
Montserrat, -   , -   , -   , -   , -   , 20.9 , 20.6 ,, 20.4 ,,,, 19.9 ,,,,
Puerto Rico, 18.3 , 19.7 , 20.6 , 20.8 , 21.1 , 20.5 , 19.9 , 19.5 , 21.8 , 24.2 , 27.4 , 31.4 , 27.2 , 24.5 , 19.0 , 16.8 , 18.5 
Saint Kitts and Nevis, 6.6 , 13.0 , 10.7 , 21.1 , 22.9 , 16.5 , 34.5 , 32.1 , 45.7 , 53.1 , 40.8 , 65.4 , 34.2 ,,,,
Saint Lucia, 14.7 , 21.5 , 26.3 , 22.4 , 22.8 , 25.0 , 26.0 , 17.3 , 23.0 , 22.8 , 25.5 , 26.5 , 22.3 , 18.8 , 19.3 ,,
Saint Vincent and the Grenadines, 18.5 , 11.1 , 18.5 , 16.6 , 26.7 , 23.9 , 18.4 , 36.7 , 14.7 , 21.1 , 22.9 , 19.2 , 25.6 ,,,, 36.5 
Trinidad and Tobago, 9.5 , 11.9 , 13.4 , 17.8 , 20.1 , 29.8 , 28.5 , 29.9 , 41.6 , 38.4 , 35.6 , 26.4 , 28.3 , 30.3 , 29.9 , 30.9 ,
Turks and Caicos Islands, -   , -   , 9.2 , -   ,, -   ,, 7.0 , 6.8 , 6.6 ,,,, 12.1 , 5.9 ,,
United States Virgin Islands, 21.2 , 25.8 , 37.8 , 28.6 , 34.2 , 34.3 , 40.0 , 40.1 , 43.1 , 47.0 , 52.8 , 42.5 , 49.3 ,,,,
Belize, 16.6 , 25.1 , 33.2 , 24.9 , 28.6 , 28.6 , 31.6 , 32.5 , 33.6 , 30.9 , 40.1 , 37.7 , 43.1 , 28.8 , 35.0 , 33.1 , 37.6 
Costa Rica, 6.3 , 6.4 , 6.3 , 7.3 , 6.7 , 7.9 , 8.1 , 8.4 , 11.6 , 11.7 , 11.6 , 10.3 , 8.7 , 8.7 , 10.0 , 11.6 , 11.9 
El Salvador, 60.5 , 60.8 , 47.7 , 56.2 , 64.9 , 64.4 , 64.8 , 57.5 , 52.0 , 71.4 , 64.7 , 70.6 , 41.7 , 40.2 , 62.4 , 105.4 , 82.8 
Guatemala, 24.9 , 27.1 , 29.7 , 33.9 , 35.2 , 40.8 , 43.9 , 42.2 , 44.9 , 45.4 , 40.7 , 38.0 , 33.8 , 33.7 , 31.4 , 29.4 , 27.3 
Honduras, 48.7 , 52.1 , 52.8 , 57.9 , 50.5 , 43.6 , 41.3 , 46.5 , 56.6 , 65.7 , 76.1 , 85.1 , 84.3 , 74.3 , 66.9 , 57.5 , 56.5 
Mexico, 10.6 , 10.0 , 9.7 , 9.5 , 8.7 , 9.1 , 9.5 , 7.9 , 12.3 , 17.1 , 22.0 , 22.9 , 21.5 , 18.8 , 16.1 , 16.5 , 19.3 
Nicaragua, 9.5 , 10.5 , 10.7 , 12.1 , 12.2 , 13.6 , 13.2 , 12.9 , 13.2 , 14.2 , 13.7 , 12.7 , 11.5 , 10.0 , 8.7 , 8.6 , 7.4 
Panama, 9.9 , 9.9 , 11.9 , 10.5 , 9.4 , 10.9 , 6.5 , 8.1 , 14.0 , 15.7 , 12.6 , 14.8 , 16.9 , 17.3 , 14.5 , 11.3 , 9.7 
Bermuda, -   , 4.7 , 1.5 , 3.1 , 1.5 , 3.1 , 4.6 , 4.6 , 7.7 , 9.3 , 10.9 , 12.6 , 9.5 , 8.0 , 6.4 , 6.5 , 13.0 
Canada, 1.8 , 1.8 , 1.9 , 1.7 , 2.0 , 2.1 , 1.9 , 1.8 , 1.8 , 1.8 , 1.6 , 1.8 , 1.6 , 1.4 , 1.5 , 1.7 , 1.7 
Greenland, 23.1 , 30.2 , 21.2 , 8.8 , 19.3 , 17.6 , 14.0 , 14.1 , 14.1 , 17.6 , 19.4 , 1.8 , 14.2 , 12.4 , 7.1 , 7.1 , 5.3 
Saint Pierre and Miquelon,,,,,,, -   , -   , 16.0 , 15.9 ,,,,,,,
United States of America, 5.5 , 6.7 , 5.6 , 5.7 , 5.5 , 5.7 , 5.8 , 5.7 , 5.4 , 5.0 , 4.8 , 4.7 , 4.7 , 4.5 , 4.5 , 5.0 , 5.4 
Argentina,,,,,,,,,,,,,,, 7.5 , 6.5 , 5.9 
Bolivia (Plurinational State of),,,,,, 5.2 , 5.2 , 8.2 , 8.6 , 8.4 , 12.8 , 12.3 , 11.9 , 9.0 , 8.9 , 6.3 , 6.3 
Brazil, 23.7 , 24.7 , 25.3 , 25.7 , 24.0 , 23.3 , 23.9 , 23.4 , 23.8 , 22.8 , 22.0 , 24.2 , 26.5 , 26.8 , 28.0 , 28.4 , 29.5 
Chile,,,, 3.2 ,, 3.6 , 3.6 , 3.7 , 3.5 , 3.7 , 3.2 , 3.7 , 2.5 , 3.2 , 3.6 , 3.0 , 3.5 
Colombia, 65.7 , 67.9 , 68.3 , 55.8 , 47.3 , 41.8 , 39.9 , 38.8 , 35.9 , 34.8 , 33.7 , 34.8 , 35.1 , 32.6 , 27.9 , 26.5 , 25.5 
Ecuador, 14.5 , 12.9 , 14.6 , 14.6 , 17.7 , 15.4 , 17.1 , 16.0 , 18.0 , 17.9 , 17.6 , 15.4 , 12.5 , 11.0 , 8.2 , 6.5 , 5.9 
French Guiana,,,,, 29.6 , 22.1 , 19.9 , 12.9 , 14.4 , 13.2 ,,,,,,,
Guyana, 10.1 , 10.6 , 19.0 , 27.8 , 17.4 , 18.9 , 20.4 , 15.4 , 21.2 , 15.7 , 18.8 , 17.4 , 18.5 , 20.4 , 19.5 , 19.4 , 18.4 
Paraguay, 18.8 , 24.3 , 24.9 , 22.9 , 21.2 , 15.3 , 12.6 , 13.1 , 13.8 , 13.4 , 11.9 , 10.4 , 10.2 , 9.3 , 8.8 , 9.3 ,
Peru,,,,,,,,,,,, 5.4 , 6.5 , 6.6 , 6.7 , 7.2 , 7.7 
Suriname, 14.4 , 16.5 , 11.8 , 12.3 , 9.3 , 13.8 , 12.3 , 8.8 , 8.3 ,,,,,,,,
Uruguay, 6.4 , 6.6 , 6.9 , 5.9 , 6.0 , 5.7 , 6.1 , 5.8 , 6.6 , 6.7 , 6.1 , 5.9 , 7.9 , 7.6 , 7.8 , 8.5 , 7.7 
Venezuela (Bolivarian Republic of), 32.8 , 31.9 , 37.8 , 43.8 , 36.9 , 37.2 , 45.0 , 47.5 , 51.8 , 48.9 , 45.1 , 47.8 , 53.8 ,, 61.9 ,, 56.3 
Kazakhstan*, 15.4 , 14.4 , 13.0 , 13.1 , 13.6 ,,,, 11.3 , 10.9 , 8.5 , 8.5 , 7.5 , 6.5 , 5.2 , 4.8 ,
Kyrgyzstan, 8.7 , 7.8 , 8.2 , 8.4 , 8.3 , 8.3 , 8.2 , 8.2 , 8.2 , 7.8 , 19.8 , 9.0 , 5.4 , 3.6 , 3.7 , 5.2 , 4.5 
Tajikistan, 4.6 , 3.7 , 2.8 , 2.5 , 2.1 , 2.3 , 2.8 , 1.8 , 1.4 , 1.3 , 2.4 , 1.6 ,,,,,
Turkmenistan, 5.9 , 5.4 , 5.2 , 5.0 , 4.4 , 4.3 , 4.2 ,,,,,,,,,,
Uzbekistan, 4.3 , 4.3 , 4.1 , 3.7 , 3.7 , 3.4 , 3.2 , 3.0 , 3.0 ,,,,,,,,
China, 2.1 , 2.0 , 2.0 , 1.9 , 1.9 , 1.6 , 1.4 , 1.2 , 1.1 , 1.1 , 1.0 , 0.9 , 0.8 , 0.8 , 0.7 , 0.7 , 0.6 
"China, Hong Kong Special Administrative Region", 0.6 , 1.0 , 1.0 , 0.8 , 0.7 , 0.5 , 0.5 , 0.3 , 0.5 , 0.7 , 0.5 , 0.2 , 0.4 , 0.9 , 0.4 , 0.3 , 0.4 
"China, Macao Special Administrative Region", 2.3 , 1.8 , 0.4 , 1.7 , 0.8 , 0.8 , 2.0 , 1.2 , 0.8 , 1.1 , 0.4 , 0.7 , 0.7 , 0.2 , -   , 0.2 , 0.2 
"China, Taiwan Province of China",, 1.4 ,,,,, 1.0 , 0.8 , 0.8 , 0.8 , 0.8 ,, 0.8 , 0.7 ,, 0.8 ,
Democratic People's Republic of Korea###, 6.6 ,,,,, 5.0 ,,,,, 4.8 ,,,,, 4.4 ,
Japan, 0.5 , 0.5 , 0.5 , 0.5 , 0.5 , 0.5 , 0.5 , 0.4 , 0.5 , 0.4 , 0.4 , 0.3 , 0.3 , 0.3 , 0.3 , 0.3 , 0.3 
Mongolia,,,, 13.9 , 13.3 , 15.8 , 13.1 , 11.3 , 8.1 , 8.2 , 8.8 , 9.6 , 7.1 , 7.1 , 7.3 , 6.2 , 5.7 
Republic of Korea,,,,,,,,,,,, 0.9 , 0.8 , 0.7 , 0.7 , 0.7 , 0.7 
Brunei Darussalam, 1.2 ,,, 0.8 , 0.6 , 0.5 , 0.8 , 0.8 , 0.3 , 0.8 , 0.3 , 0.3 , 1.0 , 0.5 ,,,
Cambodia, 4.7 , 3.3 , 3.4 , 4.0 , 3.9 , 3.4 , 3.0 , 2.9 , 2.4 , 2.3 , 2.3 , 1.8 ,,,,,
Indonesia, 1.0 ,,, 0.7 , 0.6 ,,,, 0.6 , 0.5 , 0.4 , 0.6 , 0.6 , 0.5 , 0.5 , 0.6 , 0.5 
Lao People's Democratic Republic, 10.7 ,,,,, 9.6 ,,,,, 8.0 ,,,,, 7.0 ,
Malaysia, 2.4 , 2.2 , 2.3 , 2.3 , 2.0 , 2.4 , 2.2 , 2.4 , 2.2 , 2.0 , 1.9 , 1.9 , 2.1 , 2.1 ,,,
Myanmar, 2.3 , 2.0 , 1.7 , 1.6 , 1.5 , 1.4 , 1.6 , 1.5 , 1.6 , 1.8 , 1.6 , 2.1 , 2.8 , 2.4 , 2.4 , 2.2 , 2.3 
Philippines*, 7.4 , 7.3 , 8.1 , 7.8 , 7.5 , 7.5 , 7.1 , 6.7 , 6.4 , 9.9 , 9.5 , 9.1 , 8.8 , 9.3 , 9.7 , 9.5 , 11.0 
Singapore, 0.9 , 0.7 , 0.5 , 0.6 , 0.5 , 0.5 , 0.4 , 0.4 , 0.6 , 0.4 , 0.4 , 0.3 , 0.2 , 0.3 , 0.3 , 0.3 , 0.3 
Thailand, 8.2 , 7.9 , 7.1 , 10.0 , 6.6 , 7.3 , 7.1 , 6.7 , 6.0 , 5.5 , 5.4 , 4.9 , 4.9 , 4.2 , 3.9 , 3.5 , 3.2 
Timor-Leste,,,,, 2.3 , 4.5 , 4.7 , 5.8 , 3.2 , 2.9 , 3.5 ,,,,, 3.9 ,
Viet Nam,, 1.2 , 1.3 , 1.3 , 1.3 , 1.2 , 1.2 , 1.4 , 1.3 , 1.4 , 1.5 , 1.5 ,,,,,
Afghanistan,,,,,,,,,, 4.0 , 3.4 , 4.1 , 6.3 ,,,,
Bangladesh, 2.5 , 2.7 , 2.6 , 2.5 , 2.8 , 2.5 , 2.9 , 2.6 , 2.8 , 2.8 , 2.6 , 2.6 , 2.6 , 2.8 , 2.8 , 2.5 ,
Bhutan, 3.1 , 3.2 , 3.1 , 0.8 , 2.3 , 1.7 , 1.3 , 2.0 , 2.6 , 2.2 , 2.2 , 4.3 , 4.4 , 3.1 ,, 1.5 , 1.1 
India, 4.9 , 4.6 , 4.5 , 4.0 , 4.1 , 3.9 , 3.9 , 3.8 , 3.8 , 3.8 , 3.8 , 3.8 , 3.8 , 3.6 , 3.7 , 3.4 , 3.2 
Iran (Islamic Republic of),,,, 2.6 , 2.9 ,,,,, 3.0 ,,,, 2.6 , 2.5 ,,
Maldives,, 2.4 , 2.7 , 1.3 ,,,, 0.9 , 1.4 , 1.7 , 1.6 , 0.8 , 2.6 , 0.8 ,,,
Nepal, 2.7 , 3.5 , 3.5 , 3.0 , 3.7 , 3.4 , 2.4 , 3.2 , 3.4 , 3.0 , 3.0 , 2.5 , 2.3 , 2.2 , 2.0 ,, 2.2 
Pakistan, 6.4 , 6.8 , 6.5 , 6.3 , 6.4 , 6.4 , 6.4 , 6.6 , 7.4 , 7.5 , 7.7 , 8.0 , 7.8 , 7.7 , 7.2 , 5.0 , 4.4 
Sri Lanka*,,,, 6.8 , 7.1 , 6.2 , 10.4 ,, 10.0 , 5.5 , 3.8 , 3.6 , 3.3 , 3.0 , 2.7 , 2.4 , 2.5 
Armenia, 3.0 , 2.9 , 2.3 , 2.5 , 2.8 , 1.9 , 2.7 , 2.6 , 3.3 , 3.4 , 1.9 , 2.5 , 2.3 , 2.2 , 2.5 , 2.6 , 3.0 
Azerbaijan, 2.8 , 2.7 , 2.6 , 2.2 , 2.4 , 2.2 , 2.2 , 2.2 , 2.2 ,, 2.3 ,, 2.2 , 2.4 , 2.5 ,, 2.1 
Bahrain,, 1.3 , 1.1 , 0.4 , 0.8 , 0.4 , 0.7 , 0.4 , 0.5 , 1.1 , 0.9 , 0.5 , 0.3 , 0.4 , 0.5 ,,
Cyprus, 0.8 , 0.7 , 0.2 , 1.4 , 1.6 , 1.9 , 1.4 , 1.2 , 0.8 , 1.7 , 0.7 , 0.8 , 1.9 , 1.0 , 1.0 , 1.3 , 1.1 
Georgia, 5.1 , 5.6 , 6.3 , 6.6 , 6.6 , 9.0 , 7.3 , 7.5 , 6.1 , 4.9 , 4.4 ,,,, 2.7 ,, 1.0 
Iraq**,,,,,,,,, 15.8 , 8.5 , 8.7 , 8.3 , 8.2 , 9.9 ,,,
Iraq (Central Iraq)**,,,,,,,,, 17.9 , 9.6 , 9.7 , 9.3 , 9.2 , 11.1 , 10.1 ,,
Iraq (Kurdistan Region)**,,,,,,,,, 3.3 , 2.2 , 3.0 , 2.5 , 2.1 , 2.2 ,,,
Israel, 2.4 , 3.6 , 3.6 , 3.1 , 2.7 , 2.5 , 2.7 , 1.8 , 1.9 , 1.8 , 2.0 , 2.0 , 1.7 ,, 1.5 , 1.4 ,
Jordan,,,,,, 1.2 , 1.7 , 1.8 , 1.8 , 1.5 , 1.6 , 1.9 , 2.0 , 1.7 , 2.0 , 1.7 , 1.5 
Kuwait,, 1.8 , 1.1 , 1.3 , 1.9 , 1.8 , 1.9 , 2.4 , 1.4 , 1.7 , 2.0 , 1.8 , 1.8 ,,,,
Lebanon,,,,,,,,, 4.5 , 3.5 , 3.8 , 3.7 , 3.9 , 4.5 , 4.3 , 3.9 , 4.0 
Oman,,, 1.2 , 1.5 , 1.7 , 2.1 , 4.7 , 1.4 , 1.7 , 1.3 , 1.6 , 1.1 , 1.1 , 2.6 , 0.7 ,,
Qatar, 0.2 , 0.8 ,,, 0.7 , 0.7 , 0.5 , 0.8 , 0.9 , 0.5 , 0.2 , 0.2 , 0.3 , 0.4 , 0.4 ,,
Saudi Arabia, 0.8 , 1.1 , 1.3 , 1.1 , 1.3 , 1.2 , 1.0 , 1.0 ,,,,,,,, 1.5 ,
State of Palestine,,,, 2.7 , 2.7 , 2.4 ,,, 1.2 , 1.1 , 0.8 , 0.6 , 0.6 , 0.5 , 0.8 , 1.0 , 0.7 
Syrian Arab Republic, 2.2 , 2.2 , 2.2 , 2.3 , 2.4 , 2.4 , 2.4 , 2.7 , 2.6 , 2.3 , 2.2 ,,,,,,
Turkey,,,, 4.3 , 4.3 , 4.9 , 4.6 , 5.2 , 4.6 , 5.2 , 4.2 , 4.2 , 4.3 ,,,,
United Arab Emirates,,,, 1.2 , 0.7 , 1.2 , 0.7 ,,,, 0.8 , 0.6 , 0.8 , 0.6 , 0.7 , 0.7 , 0.9 
Yemen, 3.9 ,,, 3.6 , 3.2 , 4.6 , 4.2 , 3.9 , 3.9 , 4.3 , 4.7 , 5.7 , 6.5 , 6.7 ,,,
Belarus, 10.2 , 9.8 , 10.1 , 9.0 , 8.4 , 8.6 , 7.7 , 6.8 , 5.7 , 5.1 , 4.2 , 3.9 , 3.6 , 3.5 , 3.6 ,,
Bulgaria, 4.2 , 3.9 , 3.2 , 3.2 , 3.2 , 2.6 , 2.4 , 2.3 , 2.3 , 2.0 , 2.0 , 1.7 , 1.9 , 1.5 , 1.6 , 1.8 , 1.1 
Czechia, 1.8 , 1.4 , 1.5 , 1.6 , 1.3 , 1.1 , 1.3 , 1.2 , 1.1 , 0.9 , 1.0 , 0.8 , 1.0 , 0.8 , 0.8 , 0.8 , 0.6 
Hungary, 2.0 , 2.5 , 2.0 , 2.2 , 2.1 , 1.6 , 1.7 , 1.5 , 1.8 , 1.4 , 1.4 , 1.5 , 1.3 , 1.6 , 1.5 , 2.3 , 2.1 
Poland#, 2.2 , 2.0 , 1.9 , 1.7 , 1.6 , 1.4 , 1.3 , 1.4 , 1.2 , 1.3 , 1.1 , 1.2 , 1.0 , 0.8 , 0.7 , 0.8 , 0.7 
Republic of Moldova, 10.3 , 9.8 , 9.6 , 7.6 , 6.6 , 7.1 , 6.3 , 5.3 , 5.7 , 6.0 , 6.5 , 7.5 , 5.6 , 4.2 , 3.2 ,,
Romania#, 2.6 , 2.7 , 2.6 , 2.5 , 2.4 , 2.1 , 2.1 , 2.0 , 2.3 , 1.9 , 2.0 , 1.7 , 1.9 , 1.7 , 1.5 , 1.5 , 1.2 
Russian Federation##, 28.1 , 29.4 , 30.5 , 28.9 , 27.3 , 24.8 , 20.1 , 17.7 , 16.6 , 14.9 ,,,, 11.0 , 11.3 , 11.5 , 10.8 
Slovakia, 2.4 , 2.2 , 2.2 , 2.5 , 2.0 , 1.7 , 1.5 , 1.5 , 1.6 , 1.4 , 1.5 , 1.6 , 1.2 , 1.3 , 1.3 , 0.8 , 1.0 
Ukraine, 9.0 , 10.0 , 9.0 , 8.5 , 7.4 , 6.5 , 6.3 , 5.7 , 5.3 , 4.9 , 4.3 ,, 5.2 ,, 6.3 ,,
Channel Islands,,,,,, 0.6 , 1.3 ,, 0.6 ,, -   ,,,,,,
Denmark, 1.1 , 1.0 , 1.0 , 1.2 , 0.8 , 1.0 , 0.5 , 0.7 , 1.0 , 0.9 , 0.8 , 0.8 , 0.8 , 0.9 , 1.3 , 1.0 , 1.0 
Estonia, 10.2 , 9.8 , 10.3 , 10.7 , 6.7 , 8.3 , 6.7 , 7.1 , 6.4 , 5.2 , 5.3 , 4.9 , 4.8 , 3.9 , 3.1 , 3.2 ,
Finland, 2.9 , 3.0 , 2.5 , 2.0 , 2.8 , 2.3 , 2.3 , 2.4 , 2.5 , 2.2 , 2.2 , 2.0 , 1.6 , 1.6 , 1.6 , 1.5 , 1.4 
Iceland, 1.8 , 0.4 , 1.4 , -   , 1.0 , 1.0 , -   , 0.7 , -   , 0.3 , 0.6 , 0.9 , 0.3 , 0.3 , 0.6 , 0.9 , 0.3 
Ireland, 1.0 , 1.3 , 1.3 , 0.9 , 0.7 , 1.2 , 1.4 , 1.8 , 1.1 , 1.2 , 1.1 , 0.9 , 1.1 , 1.1 , 1.1 , 0.6 , 0.8 
Isle of Man,,,,,,,,,,,, 1.2 , 2.5 , 2.4 , 3.6 , 1.2 , -   
Latvia, 10.0 , 9.3 , 9.2 , 8.8 , 7.9 , 5.6 , 5.8 , 4.3 , 4.6 , 5.0 , 3.3 , 3.3 , 3.4 , 2.5 , 3.2 , 3.4 ,
Lithuania, 10.6 , 10.2 , 8.5 , 10.1 , 10.1 , 11.1 , 8.7 , 8.5 , 9.3 , 8.0 , 7.0 , 6.9 , 6.7 , 6.6 , 5.4 , 5.9 , 5.2 
Norway, 1.1 , 0.8 , 1.0 , 1.1 , 0.8 , 0.7 , 0.7 , 0.6 , 0.7 , 0.6 , 0.6 , 2.2 , 0.5 , 0.9 , 0.6 , 0.5 , 0.5 
Sweden, 1.1 , 1.0 , 1.1 , 0.9 , 1.2 , 0.9 , 1.0 , 1.2 , 0.9 , 1.0 , 1.0 , 0.9 , 0.7 , 0.9 , 0.9 , 1.1 , 1.1 
United Kingdom (England and Wales), 1.5 , 1.5 , 1.8 , 1.5 , 1.5 , 1.3 , 1.3 , 1.3 , 1.2 , 1.1 , 1.1 , 0.9 , 1.0 , 0.9 , 0.9 , 1.0 , 1.2 
United Kingdom (Northern Ireland), 2.7 , 3.4 , 2.2 , 2.5 , 2.0 , 1.8 , 1.7 , 1.6 , 1.3 , 1.6 , 1.3 , 1.2 , 1.2 , 1.1 , 0.9 , 1.2 , 1.0 
United Kingdom (Scotland), 2.1 , 2.3 , 2.5 , 2.2 , 2.7 , 1.9 , 2.3 , 2.2 , 1.9 , 1.6 , 1.9 , 1.8 , 1.2 , 1.2 , 1.2 , 1.1 , 1.2 
United Kingdom of Great Britain and Northern Ireland, 1.6 , 1.6 , 1.9 , 1.6 , 1.6 , 1.4 , 1.4 , 1.4 , 1.2 , 1.1 , 1.2 , 1.0 , 1.0 , 0.9 , 0.9 , 1.0 , 1.2 
Albania, 4.2 , 7.0 , 6.9 , 5.3 , 4.2 , 5.0 , 3.1 , 3.5 , 3.1 , 2.9 , 4.3 , 4.9 , 5.4 , 4.2 , 4.0 , 2.3 , 2.7 
Andorra,,,,, 1.3 ,,, -   , 1.2 , -   , -   , 1.2 , -   , -   , -   , -   ,
Bosnia and Herzegovina, 2.6 , 2.2 , 2.4 ,, 1.8 , 1.9 , 1.9 , 1.7 , 1.8 , 1.9 , 1.5 , 1.4 , 1.7 , 1.3 , 1.4 , 1.6 , 1.3 
Croatia, 2.3 , 1.8 , 1.7 , 1.6 , 1.9 , 1.6 , 1.7 , 1.4 , 1.6 , 1.1 , 1.4 , 1.1 , 1.2 , 1.1 , 0.8 , 0.9 , 1.0 
Gibraltar,,,,,,,,,, -   , 3.0 ,,,,,,
Greece,, 1.2 , 0.8 , 1.1 , 1.0 , 1.2 , 1.0 , 1.1 , 1.3 , 1.3 , 1.5 , 1.6 , 1.5 , 1.4 , 0.9 , 0.8 , 0.8 
Holy See,,,,,,,,,, -   , -   , -   , -   , -   , -   , -   ,
Italy, 1.3 , 1.2 , 1.1 , 1.2 , 1.2 , 1.0 , 1.1 , 1.1 , 1.0 , 1.0 , 0.9 , 0.9 , 0.9 , 0.8 , 0.8 , 0.8 , 0.7 
Kosovo under UNSCR 1244,,,,,,,,, 6.5 , 4.1 , 6.0 , 3.5 , 5.0 , 2.2 , 2.3 , 1.7 , 1.6 
Malta, 1.0 , 1.5 , 1.5 , -   , 1.7 , 1.0 , -   , 1.0 , 1.5 , 1.0 , 1.0 , 0.7 , 2.9 , 1.7 , 1.4 , 0.9 ,
Montenegro,,, 4.4 , 3.3 , 2.3 , 3.6 , 4.0 , 1.9 , 3.9 , 3.4 , 2.4 , 3.4 , 2.7 , 1.6 , 3.2 , 2.7 , 4.5 
Portugal, 1.1 , 1.0 , 1.1 , 1.4 , 1.4 , 1.3 , 1.5 , 1.7 , 1.2 , 1.2 , 1.2 , 1.1 , 1.2 , 1.4 , 0.9 , 1.0 , 0.6 
San Marino, -   , -   , 3.6 , -   , -   , -   , -   , -   , -   , -   , -   , -   ,,,,,
Serbia, 2.4 , 2.6 , 2.1 , 1.9 , 1.8 , 1.6 , 1.7 , 1.9 , 1.5 , 1.7 , 1.4 , 1.5 , 1.2 , 1.6 , 1.4 , 1.2 , 1.4 
Slovenia, 1.8 , 1.4 , 1.8 , 1.1 , 1.4 , 1.0 , 0.6 , 1.2 , 0.5 , 0.6 , 0.7 , 0.8 , 0.7 , 0.6 , 0.8 , 1.0 , 0.5 
Spain, 1.4 , 1.4 , 1.3 , 1.4 , 1.2 , 1.2 , 1.1 , 1.1 , 0.9 , 0.9 , 0.9 , 0.8 , 0.8 , 0.6 , 0.7 , 0.7 , 0.6 
The former Yugoslav Republic of Macedonia, 2.3 , 2.7 , 2.9 , 3.4 , 2.4 , 2.1 , 2.2 , 2.0 , 1.7 , 1.7 , 2.1 , 1.4 , 1.4 , 1.1 , 1.6 ,,
Austria, 1.0 , 0.9 , 0.8 , 0.6 , 0.7 , 0.7 , 0.7 , 0.5 , 0.7 , 0.6 , 0.7 , 0.9 , 0.9 , 0.7 , 0.5 , 0.5 , 0.7 
Belgium#, 2.1 , 2.7 , 3.1 , 2.2 , 2.6 , 2.1 , 2.1 , 2.0 , 1.9 , 1.7 , 1.7 , 1.9 , 1.8 , 1.8 , 1.9 , 1.9 ,
France, 1.8 , 1.7 , 1.9 , 1.6 , 1.6 , 1.6 , 1.4 , 1.6 , 1.6 , 1.3 , 1.3 , 1.4 , 1.2 , 1.2 , 1.2 , 1.6 , 1.4 
Germany, 1.2 , 1.1 , 1.2 , 1.1 , 1.1 , 1.1 , 1.0 , 0.9 , 0.9 , 1.0 , 1.0 , 0.9 , 0.8 , 0.8 , 0.9 , 0.8 , 1.2 
Liechtenstein, -   , -   , -   , -   , 2.9 , -   , -   , -   , 2.8 , -   , 2.8 , -   , -   , -   , 2.7 , -   , -   
Luxembourg, 0.9 , 2.0 , 1.4 , 0.7 , 0.4 , 0.9 , 1.5 , 1.5 , 1.6 , 1.0 , 2.0 , 0.8 , -   , 0.2 , 0.7 ,,
Monaco,, 3.1 ,,, 3.0 , 3.0 , 2.9 , -   , -   , -   , -   , -   , -   , -   ,, -   ,
Netherlands, 1.1 , 1.3 , 1.2 , 1.2 , 1.2 , 1.1 , 0.8 , 0.9 , 0.9 , 0.9 , 0.9 , 0.9 , 0.9 , 0.7 , 0.7 , 0.6 , 0.6 
Switzerland, 1.0 , 1.2 , 1.2 , 1.0 , 1.1 , 1.0 , 0.8 , 0.7 , 0.7 , 0.7 , 0.7 , 0.6 , 0.6 , 0.7 , 0.5 , 0.7 , 0.5 
Australia, 1.9 , 1.8 , 1.9 , 1.7 , 1.5 , 1.3 , 1.4 , 1.2 , 1.2 , 1.2 , 1.0 , 1.1 , 1.1 , 1.1 , 1.0 , 1.0 , 0.9 
New Zealand#, 1.3 , 1.3 , 1.5 , 1.1 , 1.1 , 1.5 , 1.2 , 1.1 , 1.2 , 1.5 , 1.0 , 0.9 , 0.9 , 1.0 , 1.0 ,,
Fiji,,,, 3.1 , 2.8 , 2.8 , 2.7 , 2.5 , 2.0 , 3.4 , 2.3 , 2.3 , 2.3 , 2.2 , 2.3 ,,
New Caledonia,,,,,,, 3.4 , 5.0 , 4.5 , 3.2 ,,,,,,,
Papua New Guinea, 8.3 ,,,,,, 9.4 , 7.8 ,,,,,,,,,
Solomon Islands,,,,, 4.4 , 5.5 , 4.8 , 5.3 , 3.8 ,,,,,,,,
Vanuatu, 2.9 ,,,,, 2.5 ,,,,, 2.3 ,,,,, 2.1 ,
Guam, 1.3 , 5.1 , 1.3 , 5.1 , 5.7 , 4.4 , 6.9 , 0.6 , 0.6 , 3.1 , 1.9 , 2.5 ,,,,,
Kiribati, 3.6 , 4.7 ,,,,,,, 7.1 , 1.0 , 3.9 , 10.5 , 7.5 ,,,,
Micronesia (Federated States of), 4.0 ,,,,, 4.6 ,,,,, 4.5 ,,,,, 4.7 ,
Nauru,,,,,,,,,,,,, -   ,,,,
Palau,,,,,,,,,,,,, 3.1 ,,,,
American Samoa,, 1.7 , 11.9 , 5.1 , 6.7 , 10.1 , 6.8 , 1.7 , 5.3 , 3.6 , 9.0 , 9.0 , 3.6 , 5.4 , 5.4 , 7.2 , 5.4 
Cook Islands,,,,,,,,,,,,, 3.5 ,,,,
French Polynesia,,,,,,, 1.2 , 2.7 , 3.4 , 0.4 ,,,,,,,
Niue,,,,,,,,,,,,, -   ,,,,
Samoa,,,,,,,,,, 8.7 , 8.6 ,,, 3.1 ,,,
Tonga, 1.0 , 6.1 , 6.0 , 6.0 , 2.0 , 4.0 , 7.9 , 1.0 , 3.9 , 7.7 , 1.0 , 1.9 , 1.0 ,,,,
Tuvalu,,, -   , -   , -   , -   , -   , -   , -   , -   , 9.5 , 9.4 , 18.6 ,,,,