General government gross debt (Percent of GDP),1980,1981,1982,1983,1984,1985,1986,1987,1988,1989,1990,1991,1992,1993,1994,1995,1996,1997,1998,1999,2000,2001,2002,2003,2004,2005,2006,2007,2008,2009,2010,2011,2012,2013,2014,2015,2016,2017,2018,2019,2020,2021,2022,2023,2024
Afghanistan,no data,no data,no data,no data,no data,no data,no data,no data,no data,no data,no data,no data,no data,no data,no data,no data,no data,no data,no data,no data,no data,no data,346.00,270.60,245.00,206.40,23.00,20.10,19.10,16.20,7.70,7.50,6.80,6.90,8.70,9.10,7.80,7.00,7.10,6.90,7.00,7.30,7.50,7.80,8.10
Albania,no data,no data,no data,no data,no data,no data,no data,no data,no data,no data,no data,no data,no data,no data,no data,no data,no data,72.20,71.20,68.20,63.80,60.60,64.10,60.20,57.50,58.20,56.70,53.60,55.10,59.70,57.70,59.40,62.10,70.30,72.10,73.90,73.30,71.90,68.60,65.10,63.30,60.40,58.50,56.00,55.80
Algeria,no data,no data,no data,no data,no data,no data,no data,no data,no data,no data,no data,77.80,62.90,74.00,98.40,116.20,98.10,69.90,72.90,82.00,62.80,54.30,51.30,42.10,35.20,26.30,23.60,13.50,8.10,9.80,10.50,9.30,9.30,7.60,7.70,8.70,20.40,27.50,36.90,46.90,48.90,49.40,47.40,43.00,43.30
Angola,no data,no data,no data,no data,no data,no data,no data,no data,no data,no data,no data,no data,no data,no data,no data,no data,no data,no data,no data,no data,133.90,113.50,73.70,58.00,47.70,33.50,18.70,21.00,31.40,56.30,37.20,29.60,26.70,33.10,39.80,57.10,75.70,68.50,88.10,90.50,82.80,79.70,75.40,70.90,66.10
Antigua and Barbuda,no data,no data,no data,no data,no data,no data,no data,no data,no data,no data,98.10,99.10,95.50,90.10,89.70,98.30,91.70,87.00,102.60,104.60,104.70,117.90,126.30,125.20,120.10,92.70,89.20,77.90,76.10,101.00,89.40,91.40,86.70,94.90,102.50,98.60,86.00,87.70,88.10,88.30,89.10,90.40,92.50,95.70,99.20
Argentina,no data,no data,no data,no data,no data,no data,no data,no data,no data,no data,no data,no data,25.70,27.70,29.30,31.70,33.60,32.70,35.20,40.10,42.10,49.40,152.20,129.10,117.90,80.30,70.80,62.10,53.80,55.40,43.50,38.90,40.40,43.50,44.70,52.60,53.10,57.10,86.30,75.90,69.00,65.10,62.80,60.70,59.50
Armenia,no data,no data,no data,no data,no data,no data,no data,no data,no data,no data,no data,no data,no data,no data,no data,no data,40.80,46.50,45.20,39.20,39.40,37.80,38.10,32.90,26.40,20.50,16.20,14.20,13.10,28.10,27.80,29.40,30.00,31.70,35.00,39.50,47.00,48.30,48.50,48.00,48.20,48.50,49.50,50.00,50.20
Aruba,no data,no data,no data,no data,no data,no data,no data,no data,no data,no data,no data,no data,no data,no data,no data,55.10,54.80,51.10,41.00,39.30,38.60,43.80,47.60,41.30,43.00,45.70,46.40,45.60,41.70,49.90,56.10,63.90,67.60,74.00,81.60,81.30,84.70,86.00,83.90,83.60,81.90,79.80,77.60,75.30,72.80
Australia,no data,no data,no data,no data,no data,no data,no data,no data,no data,17.10,16.40,21.60,27.70,30.70,31.80,31.20,29.40,26.00,23.80,22.60,19.60,17.20,15.10,13.20,11.90,10.90,10.00,9.70,11.80,16.80,20.50,24.10,27.70,30.70,34.10,37.80,40.50,40.70,40.70,41.10,40.60,39.70,38.90,37.50,36.40
Austria,no data,no data,no data,no data,no data,no data,no data,no data,57.40,56.30,55.90,56.10,56.00,60.60,63.70,67.90,67.80,63.10,68.80,61.10,65.70,66.40,67.00,64.90,64.80,68.30,67.00,64.70,68.40,79.60,82.40,82.20,81.70,81.00,83.80,84.40,82.90,78.50,74.20,71.20,68.40,66.10,64.30,62.70,61.20
Azerbaijan,no data,no data,no data,no data,no data,no data,no data,no data,no data,no data,no data,no data,no data,no data,no data,19.20,16.70,12.50,14.30,25.40,22.80,24.40,23.00,21.80,9.70,6.90,5.30,4.00,3.20,4.70,5.00,5.00,5.80,6.20,8.50,18.00,20.60,22.60,19.40,17.60,15.00,12.70,11.10,9.60,8.30
"Bahamas, The",no data,no data,no data,no data,no data,no data,no data,no data,no data,no data,13.20,15.30,17.90,19.70,20.90,21.00,20.70,21.50,20.80,19.80,19.20,18.50,19.40,20.80,21.60,23.00,23.20,23.50,25.30,30.10,33.90,35.30,37.60,43.90,47.80,49.60,50.50,54.60,61.00,60.50,59.10,57.50,56.00,54.40,52.90
Bahrain,no data,no data,no data,no data,no data,no data,no data,no data,no data,no data,7.50,7.00,6.70,6.20,5.90,14.20,13.70,15.40,20.80,25.70,25.70,26.10,28.40,32.50,29.40,24.20,20.30,16.30,12.60,21.40,29.70,32.80,36.20,43.90,44.40,66.00,81.30,88.20,93.40,100.20,103.60,106.20,108.70,111.20,113.80
Bangladesh,no data,no data,no data,no data,no data,no data,no data,no data,no data,no data,no data,no data,no data,no data,no data,no data,no data,no data,no data,no data,no data,no data,no data,44.30,43.50,42.30,42.30,41.90,40.60,39.50,35.50,36.60,36.20,35.80,35.30,33.70,33.30,32.50,34.80,34.80,34.50,34.10,33.70,33.30,32.80
Barbados,no data,no data,no data,no data,no data,no data,no data,no data,no data,no data,no data,no data,no data,no data,55.90,57.90,58.50,58.50,53.90,53.80,61.30,67.50,71.00,70.90,70.50,73.30,75.80,77.40,83.40,100.00,108.20,112.60,123.70,135.20,139.20,146.70,149.10,157.50,124.50,117.30,110.10,103.10,96.40,90.50,86.20
Belarus,no data,no data,no data,no data,no data,no data,no data,no data,no data,no data,no data,no data,no data,no data,no data,no data,no data,no data,no data,no data,no data,no data,no data,no data,9.50,8.40,12.70,16.40,21.00,32.50,36.80,58.20,36.90,36.90,38.80,53.00,53.50,53.20,47.80,51.10,51.90,50.40,50.40,50.70,51.20
Belgium,76.40,89.20,99.10,109.70,114.00,118.70,124.00,128.50,129.00,125.70,129.60,131.10,133.90,138.10,136.30,130.50,128.00,123.20,118.20,114.40,108.80,107.60,104.70,101.10,96.50,94.70,91.10,87.00,92.50,99.50,99.70,102.60,104.30,105.50,107.60,106.50,106.10,103.40,101.40,99.60,98.10,96.40,94.70,93.10,91.00
Belize,no data,no data,no data,no data,no data,no data,no data,no data,no data,no data,no data,no data,no data,no data,no data,no data,no data,no data,no data,no data,no data,87.30,95.00,109.30,103.40,102.40,95.70,93.40,85.80,93.70,89.50,83.60,79.60,78.20,76.80,79.30,93.20,94.40,94.70,92.60,90.50,88.40,86.30,84.10,83.30
Benin,no data,no data,no data,no data,no data,no data,no data,no data,no data,no data,no data,no data,no data,no data,no data,no data,no data,no data,no data,53.90,54.10,51.90,42.00,32.00,29.40,36.90,11.40,19.50,25.00,25.60,28.70,29.90,26.70,25.30,30.50,42.40,49.70,54.40,54.60,54.00,51.50,48.50,45.40,42.20,38.70
Bhutan,no data,no data,no data,no data,no data,no data,no data,no data,no data,no data,no data,no data,no data,62.40,55.10,40.10,38.20,34.20,37.70,40.60,45.60,54.20,59.80,74.60,78.60,82.60,75.50,70.30,63.60,64.50,59.50,67.10,76.30,100.30,96.20,95.70,114.20,106.30,102.60,103.80,107.90,105.50,96.70,83.50,77.60
Bolivia,no data,no data,no data,no data,no data,no data,no data,no data,no data,no data,no data,no data,no data,no data,no data,no data,no data,no data,no data,no data,66.90,60.00,69.10,74.10,89.80,82.20,56.20,41.70,38.00,41.00,39.60,37.50,36.20,37.10,38.00,41.30,46.60,50.90,53.90,57.10,58.00,58.60,58.80,58.90,58.30
Bosnia and Herzegovina,no data,no data,no data,no data,no data,no data,no data,no data,no data,no data,no data,no data,no data,no data,no data,no data,no data,no data,54.40,56.00,34.70,35.20,31.20,27.60,25.50,25.50,21.20,18.70,30.90,35.10,40.80,39.60,42.20,42.50,45.90,45.50,44.10,39.00,37.00,36.30,36.40,35.40,33.90,32.40,30.90
Botswana,no data,no data,no data,no data,no data,no data,no data,no data,no data,no data,no data,no data,no data,no data,no data,no data,no data,no data,11.30,9.20,8.00,7.40,8.30,7.00,10.20,7.50,6.40,5.50,7.70,17.90,20.40,20.40,19.20,17.40,17.30,17.20,15.60,14.10,12.90,12.80,13.40,13.10,12.40,11.40,10.40
Brazil,no data,no data,no data,no data,no data,no data,no data,no data,no data,no data,no data,no data,no data,no data,no data,no data,no data,no data,no data,no data,65.60,70.10,78.90,73.90,70.20,68.70,65.90,63.80,61.90,65.00,63.10,61.20,62.20,60.20,62.30,72.60,78.30,84.10,87.90,90.40,92.40,94.10,95.60,96.50,97.60
Brunei Darussalam,no data,no data,no data,no data,no data,0.00,0.00,0.00,0.00,0.00,0.00,0.00,0.00,0.00,0.00,0.00,0.00,0.00,0.00,0.00,0.00,0.00,0.00,0.00,0.00,0.00,0.60,0.70,0.90,1.10,1.10,2.10,2.10,2.20,3.20,3.00,3.00,2.80,2.50,2.60,2.50,2.30,2.20,2.10,2.10
Bulgaria,no data,no data,no data,no data,no data,no data,no data,no data,no data,no data,no data,no data,no data,no data,no data,no data,no data,no data,76.50,79.40,73.90,67.60,53.80,45.80,38.10,28.70,22.80,17.60,14.70,14.60,14.10,14.40,16.70,17.20,26.40,25.60,27.40,23.30,20.50,19.30,18.20,17.10,15.20,13.40,11.80
Burkina Faso,no data,no data,no data,no data,no data,no data,no data,no data,no data,no data,no data,no data,no data,no data,no data,no data,no data,no data,no data,no data,no data,no data,48.70,44.60,45.80,44.10,22.70,25.60,25.60,29.10,31.20,27.60,28.40,29.10,29.90,35.60,39.20,38.40,43.00,42.50,42.10,41.90,41.70,41.50,41.30
Burundi,no data,no data,no data,no data,no data,no data,no data,no data,no data,no data,no data,no data,no data,no data,no data,no data,no data,no data,no data,no data,136.40,127.40,159.10,172.00,172.70,137.00,130.30,129.60,102.50,25.70,46.90,42.70,41.40,36.10,35.80,45.30,48.40,51.70,58.40,63.50,69.10,75.20,88.90,104.10,121.90
Cabo Verde,no data,no data,no data,no data,no data,no data,no data,no data,no data,no data,no data,no data,no data,no data,no data,no data,no data,89.50,82.20,70.00,82.60,79.90,82.60,81.40,83.70,85.30,77.70,65.00,57.40,65.20,72.40,78.80,91.10,102.50,115.90,126.00,127.60,124.60,127.70,125.30,120.80,115.70,110.70,105.50,99.90
Cambodia,no data,no data,no data,no data,no data,no data,no data,no data,no data,no data,no data,no data,no data,no data,no data,no data,30.20,31.60,37.20,34.70,35.20,34.90,39.70,43.10,42.70,33.90,31.10,29.60,27.00,28.50,28.70,29.70,31.50,31.70,31.90,31.20,29.10,30.00,29.40,29.60,29.60,30.70,32.30,34.30,35.90
Cameroon,no data,no data,no data,no data,no data,no data,no data,no data,no data,no data,no data,no data,no data,no data,no data,no data,no data,no data,73.20,73.90,79.30,65.60,60.40,56.40,55.80,47.70,19.80,14.70,11.70,12.00,14.70,15.70,15.40,18.20,21.50,32.00,32.50,36.90,37.70,38.10,37.40,36.50,35.60,34.50,33.40
Canada,44.90,46.40,52.10,57.60,60.60,65.60,69.80,70.30,70.20,71.50,74.30,81.20,88.90,94.70,97.50,100.10,100.20,95.30,93.30,89.00,80.40,81.50,79.60,75.90,71.90,70.60,69.90,66.90,68.00,79.40,81.30,81.90,85.50,86.20,85.70,91.30,91.80,90.10,90.60,88.00,84.70,81.30,78.00,74.90,72.00
Central African Republic,no data,no data,no data,no data,no data,no data,no data,no data,no data,no data,no data,no data,no data,no data,no data,no data,no data,96.10,85.30,84.20,92.80,103.30,100.50,102.70,103.90,108.80,49.20,49.50,36.60,21.10,21.40,21.80,23.50,38.50,69.20,64.00,56.00,52.90,48.50,42.20,39.20,36.40,33.80,31.50,29.40
Chad,no data,no data,no data,no data,no data,no data,no data,no data,no data,no data,no data,no data,no data,no data,no data,no data,no data,no data,no data,58.00,68.00,56.40,54.40,44.70,32.60,28.50,26.20,22.10,19.90,31.60,30.10,30.60,28.80,30.50,41.50,43.30,51.80,52.40,46.60,42.90,38.40,34.70,31.10,28.00,24.70
Chile,no data,no data,no data,no data,no data,no data,no data,no data,no data,no data,no data,37.40,30.70,28.30,22.80,17.40,14.70,12.90,12.20,13.40,13.20,14.50,15.20,12.70,10.30,7.00,5.00,3.90,4.90,5.80,8.60,11.10,11.90,12.70,15.00,17.30,21.00,23.50,25.60,27.20,28.10,28.70,28.80,28.70,28.30
"China, People's Republic of",no data,no data,no data,no data,no data,no data,no data,no data,no data,no data,no data,no data,no data,no data,no data,21.40,21.30,20.40,20.50,21.70,22.80,24.40,25.70,26.60,26.20,26.10,25.40,29.00,27.00,34.30,33.70,33.60,34.30,37.00,39.90,41.10,44.20,46.80,50.50,55.40,59.50,63.20,66.70,69.70,72.40
Colombia,no data,no data,no data,no data,no data,no data,no data,no data,no data,no data,no data,no data,no data,no data,no data,no data,23.40,25.30,27.50,34.10,38.10,41.20,47.70,45.20,41.60,38.60,36.10,32.70,32.40,35.40,36.60,35.80,34.00,37.60,43.30,50.40,49.80,49.80,50.50,49.20,47.30,45.10,43.20,41.40,39.20
Comoros,no data,no data,no data,no data,241.00,228.90,217.30,205.60,194.50,188.10,173.80,160.40,157.20,147.50,148.90,131.70,128.40,121.40,117.30,107.90,101.90,89.70,81.70,74.80,72.80,67.50,65.70,61.80,57.50,53.60,50.70,45.70,42.60,18.20,21.70,24.10,27.80,31.80,31.20,35.10,36.30,37.50,39.40,40.30,41.00
"Congo, Dem. Rep. of the",no data,no data,no data,no data,no data,no data,no data,no data,no data,no data,no data,no data,no data,no data,no data,no data,no data,no data,no data,no data,135.00,181.60,136.00,114.50,141.80,101.50,104.30,86.90,90.50,93.20,31.90,26.30,23.20,19.10,16.80,16.80,19.30,18.10,15.70,14.00,13.20,10.80,9.90,8.00,5.20
"Congo, Republic of ",no data,no data,no data,no data,no data,no data,no data,no data,no data,0.00,0.00,0.00,0.00,0.00,0.00,0.00,0.00,0.00,0.00,0.00,163.20,195.80,180.30,204.40,198.70,108.30,98.80,110.60,79.30,96.40,53.40,42.30,45.10,49.50,59.80,111.40,127.80,125.40,98.50,90.20,83.70,79.40,76.80,70.90,60.50
Costa Rica,no data,no data,no data,no data,no data,no data,no data,no data,no data,no data,no data,no data,no data,no data,no data,no data,33.90,30.70,40.90,39.10,39.00,39.80,41.60,40.70,41.20,37.50,33.20,27.10,24.10,26.10,28.30,29.80,34.20,35.80,38.40,40.90,44.90,48.60,53.50,56.20,58.30,60.10,61.10,61.40,61.00
Croatia,no data,no data,no data,no data,no data,no data,no data,no data,no data,no data,no data,no data,no data,no data,no data,no data,no data,no data,21.90,28.10,33.20,34.60,36.60,38.10,40.40,41.30,38.90,37.70,39.60,48.90,58.10,65.00,70.60,81.60,85.70,85.30,82.30,77.70,73.90,70.70,67.80,65.00,62.30,59.60,57.40
Cyprus,no data,no data,no data,no data,no data,no data,no data,no data,no data,no data,no data,no data,no data,no data,no data,46.70,48.80,53.50,55.00,55.70,56.00,57.50,61.00,63.00,64.70,64.00,59.00,53.10,44.10,52.80,55.80,65.20,79.20,102.10,108.00,108.00,105.50,95.80,102.50,101.00,94.30,89.50,79.60,73.00,67.30
Czech Republic,no data,no data,no data,no data,no data,no data,no data,no data,no data,no data,no data,no data,no data,no data,no data,13.70,11.60,12.30,14.00,15.30,17.00,22.80,25.90,28.30,28.50,27.90,27.70,27.50,28.30,33.60,37.40,39.80,44.50,44.90,42.20,40.00,36.80,34.70,33.00,31.60,30.70,29.90,28.10,26.40,25.10
Côte d'Ivoire,no data,no data,no data,no data,no data,no data,no data,no data,no data,no data,no data,no data,no data,no data,no data,no data,no data,116.40,103.90,107.80,102.30,98.40,87.10,77.90,78.40,80.40,79.40,74.00,70.80,64.20,63.00,69.20,45.00,43.40,44.80,47.30,48.40,49.80,52.20,50.90,49.10,48.40,47.40,46.80,47.20
Denmark,no data,no data,no data,no data,no data,no data,no data,no data,no data,no data,no data,no data,66.80,78.60,75.20,71.40,68.30,64.30,60.30,56.80,52.40,48.50,49.10,46.20,44.20,37.40,31.50,27.30,33.30,40.20,42.60,46.10,44.90,44.00,44.30,39.80,37.30,34.80,34.30,33.60,32.90,35.20,37.30,38.90,39.50
Djibouti,no data,no data,no data,no data,no data,no data,no data,no data,no data,no data,no data,no data,no data,no data,no data,no data,no data,no data,no data,58.50,58.20,58.10,63.70,66.30,65.30,60.40,59.30,56.70,59.30,59.50,51.90,45.20,43.30,42.70,44.90,60.70,67.60,69.00,67.40,63.00,58.70,53.30,47.40,41.70,36.50
Dominica,no data,no data,no data,no data,no data,no data,no data,no data,no data,no data,54.10,56.90,54.00,53.40,55.90,57.40,53.70,47.70,56.30,61.80,68.90,98.50,97.90,94.90,86.20,82.00,77.40,71.80,64.40,62.50,66.80,69.70,72.40,80.10,78.70,75.30,72.00,78.60,83.10,79.80,82.30,83.30,82.20,80.50,78.20
Dominican Republic,no data,no data,no data,no data,no data,no data,no data,no data,no data,no data,no data,no data,no data,no data,no data,no data,no data,13.80,13.20,16.00,16.70,16.20,17.10,35.70,23.40,20.80,19.30,17.30,23.80,27.60,27.90,29.60,33.50,38.90,37.80,37.00,38.60,40.80,41.60,41.90,42.00,42.30,42.50,42.90,43.20
Ecuador,no data,no data,no data,no data,no data,no data,no data,no data,no data,no data,no data,no data,no data,no data,no data,no data,no data,no data,no data,no data,no data,60.30,52.20,45.10,38.70,34.70,31.10,28.50,24.20,18.60,17.70,16.80,17.50,20.00,27.10,33.80,43.20,44.60,46.10,49.20,46.80,45.20,40.80,36.60,33.40
Egypt,no data,no data,no data,no data,no data,no data,no data,no data,no data,no data,no data,no data,no data,no data,no data,no data,no data,no data,73.80,72.40,71.70,79.10,85.80,97.10,96.50,98.30,85.90,76.30,66.80,69.50,69.60,72.80,73.80,84.00,85.10,88.50,96.80,103.20,92.60,86.90,84.60,81.30,79.30,75.50,72.80
El Salvador,no data,no data,no data,no data,no data,no data,no data,no data,no data,no data,no data,43.30,36.40,31.90,30.50,28.00,28.50,27.80,25.70,28.00,29.60,36.50,42.30,44.50,45.40,44.80,45.30,44.90,46.80,56.60,57.70,57.00,61.50,60.90,63.00,64.30,65.50,67.30,67.10,68.10,68.70,68.80,69.00,69.40,70.10
Equatorial Guinea,146.20,221.10,260.70,259.30,257.90,183.80,152.50,141.30,154.50,187.00,157.00,169.50,136.90,152.60,216.00,136.90,91.20,46.30,59.20,60.50,36.60,25.50,19.40,6.70,4.50,2.90,1.20,0.80,0.50,4.30,7.90,7.20,7.10,6.30,12.60,33.60,43.40,38.00,35.90,37.50,37.00,39.30,41.30,42.70,43.20
Eritrea,no data,no data,no data,no data,no data,no data,no data,no data,no data,no data,no data,no data,no data,no data,no data,no data,no data,no data,no data,no data,169.50,184.60,188.40,204.30,149.70,158.90,154.00,155.80,173.60,144.60,143.80,132.40,128.30,127.50,128.70,132.50,132.80,131.20,129.40,127.30,136.20,132.20,127.60,124.10,120.40
Estonia,no data,no data,no data,no data,no data,no data,no data,no data,no data,no data,no data,no data,no data,no data,no data,8.90,7.40,6.10,5.50,6.00,5.10,4.80,5.70,5.60,5.10,4.50,4.40,3.70,4.50,7.00,6.60,6.10,9.70,10.20,10.50,9.90,9.20,8.70,8.10,7.60,7.20,6.80,6.40,6.10,5.80
Eswatini,no data,no data,no data,no data,no data,no data,no data,no data,no data,no data,no data,no data,no data,14.50,12.70,12.10,11.20,12.30,15.20,16.20,17.70,21.00,16.70,17.20,14.60,13.20,14.20,15.70,14.20,10.40,13.80,14.20,14.60,14.80,14.00,19.20,26.00,29.20,34.90,41.10,43.10,42.60,42.80,43.20,43.60
Ethiopia,no data,no data,no data,no data,no data,no data,no data,no data,no data,no data,no data,no data,87.90,141.00,155.20,146.60,132.80,80.30,89.30,97.80,93.60,97.30,107.40,103.70,103.10,78.20,69.90,46.80,41.70,37.80,40.50,45.30,42.20,47.50,47.90,54.50,56.10,59.00,61.10,57.40,56.30,55.30,54.90,54.00,53.50
Fiji,no data,no data,no data,no data,no data,no data,no data,no data,no data,no data,no data,no data,47.00,47.90,51.60,52.40,52.90,58.70,39.80,35.50,40.10,44.70,47.20,48.90,48.60,48.10,53.80,50.30,51.40,55.80,56.20,52.70,51.60,49.70,48.20,46.20,47.50,48.20,49.70,50.20,50.40,50.40,50.40,50.20,50.10
Finland,10.90,11.50,13.90,15.40,15.20,15.80,16.40,17.60,16.50,14.30,13.80,21.90,39.30,54.10,56.10,55.10,55.30,52.20,46.90,44.00,42.50,40.90,40.20,42.70,42.60,39.90,38.10,34.00,32.70,41.70,47.10,48.50,53.90,56.50,60.20,63.50,63.00,61.30,60.50,59.90,59.00,58.50,56.80,55.00,53.30
France,20.80,22.00,25.40,26.70,29.10,30.70,31.30,33.70,33.60,34.40,35.60,36.50,40.20,46.60,49.90,56.10,60.00,61.40,61.40,60.50,58.90,58.30,60.30,64.40,65.90,67.40,64.60,64.50,68.80,83.00,85.30,87.80,90.60,93.40,94.90,95.60,96.60,98.50,98.60,99.20,98.70,98.20,97.60,97.00,96.20
Gabon,no data,no data,no data,no data,no data,no data,no data,no data,no data,no data,90.00,89.30,87.90,90.10,71.30,73.40,64.50,57.00,87.60,73.10,72.50,81.00,81.10,70.20,60.30,49.30,39.60,39.20,20.10,26.00,21.30,21.40,21.40,31.10,34.10,44.70,64.20,62.60,58.20,58.50,55.70,51.80,47.40,43.90,41.80
"Gambia, The",no data,no data,no data,no data,no data,no data,no data,no data,no data,no data,no data,no data,no data,no data,no data,no data,no data,no data,no data,no data,70.30,72.20,90.10,88.00,78.00,78.80,86.00,38.20,38.30,37.90,40.70,49.70,49.20,58.60,69.40,68.60,82.30,87.90,83.20,78.70,75.20,72.30,70.00,67.40,64.60
Georgia,no data,no data,no data,no data,no data,no data,no data,no data,no data,no data,no data,no data,no data,no data,no data,no data,no data,no data,no data,no data,67.70,61.30,58.10,63.10,50.40,39.90,32.00,25.50,31.20,41.00,42.40,36.50,34.80,34.70,35.60,41.40,44.40,45.10,44.50,45.00,43.90,42.80,41.80,41.10,41.00
Germany,no data,no data,no data,no data,no data,no data,no data,no data,no data,no data,no data,39.10,41.60,45.20,47.50,54.80,57.60,58.70,59.40,60.00,58.90,57.70,59.40,63.10,64.80,67.00,66.50,63.70,65.20,72.60,81.00,78.60,79.90,77.40,74.50,70.80,67.90,63.90,59.80,56.90,53.80,51.10,48.50,46.00,43.70
Ghana,no data,no data,no data,no data,no data,no data,no data,no data,no data,no data,19.00,18.50,22.90,37.10,55.20,49.10,44.10,46.70,40.60,55.80,79.20,61.70,57.90,52.70,41.20,34.00,18.60,22.60,24.90,27.00,34.60,31.40,35.60,43.20,51.20,54.80,57.10,57.30,59.60,62.00,60.00,58.20,56.30,52.70,50.20
Greece,22.50,26.70,29.30,33.60,40.10,46.60,47.10,52.40,57.10,59.80,73.20,74.70,80.00,100.30,98.30,99.00,101.30,99.50,97.40,98.90,104.90,107.10,104.90,101.50,102.90,107.40,103.60,103.10,109.40,126.70,146.20,180.60,159.60,177.90,180.20,177.80,181.10,179.30,183.30,174.20,167.30,160.90,153.80,147.20,143.20
Grenada,no data,no data,no data,no data,no data,no data,no data,no data,no data,no data,no data,42.00,40.10,45.30,45.70,43.10,43.90,41.40,40.30,34.50,41.60,44.60,79.10,79.60,94.70,87.30,92.90,89.10,83.90,91.10,96.90,100.70,103.30,108.10,101.80,90.10,81.60,69.90,63.10,56.10,48.60,45.90,45.40,45.10,43.60
Guatemala,no data,no data,no data,no data,no data,no data,no data,no data,no data,no data,no data,no data,no data,no data,no data,no data,no data,no data,no data,no data,19.00,20.20,18.40,20.90,21.40,20.80,21.70,21.30,20.10,22.90,24.10,23.70,24.30,24.60,24.30,24.20,24.50,24.70,24.50,24.80,25.30,25.40,25.90,26.30,26.50
Guinea,no data,no data,no data,no data,no data,no data,no data,no data,no data,no data,71.60,70.90,62.00,68.90,71.30,66.50,67.70,67.90,75.90,92.30,91.50,90.40,82.60,81.60,86.90,97.90,95.20,60.80,58.50,61.30,68.80,58.10,27.20,34.00,35.10,41.90,42.00,40.40,38.70,46.00,45.30,42.90,41.00,39.40,37.60
Guinea-Bissau,no data,no data,no data,no data,no data,no data,no data,no data,no data,no data,no data,no data,no data,no data,no data,no data,no data,159.70,171.60,156.90,233.70,221.70,224.70,212.60,221.00,222.00,204.00,177.20,163.30,159.00,68.30,45.80,46.50,48.90,57.40,56.00,57.90,53.90,56.10,54.90,51.80,50.20,48.90,46.80,44.80
Guyana,no data,no data,no data,no data,no data,no data,no data,no data,no data,no data,no data,no data,no data,no data,no data,no data,no data,135.10,143.10,132.40,130.80,141.10,141.60,127.90,122.20,118.60,97.30,61.20,62.90,66.90,67.90,66.70,63.50,58.00,51.90,50.10,50.70,52.20,57.00,57.20,54.20,50.90,50.00,39.70,33.30
Haiti,no data,no data,no data,no data,no data,no data,no data,no data,no data,no data,no data,no data,no data,no data,no data,no data,no data,42.90,39.70,39.80,55.20,49.50,54.30,62.00,49.90,47.20,39.10,34.50,38.00,27.80,17.30,11.80,16.30,21.50,26.30,30.30,33.70,31.00,33.00,36.20,36.70,37.00,37.30,37.40,37.40
Honduras,no data,no data,no data,no data,no data,no data,no data,no data,no data,no data,236.50,135.40,123.20,111.70,85.50,65.40,64.60,70.80,67.40,75.80,65.80,63.40,64.20,67.80,60.90,55.60,39.20,24.00,22.30,24.30,23.60,25.20,29.80,37.70,37.50,37.40,38.40,39.10,40.30,40.80,41.00,40.70,39.80,39.40,37.60
Hong Kong SAR,no data,no data,no data,no data,no data,no data,no data,no data,no data,no data,no data,no data,no data,no data,no data,no data,no data,no data,no data,no data,no data,3.30,3.50,1.60,1.50,1.40,1.10,1.00,0.90,0.70,0.60,0.60,0.50,0.50,0.10,0.10,0.10,0.10,0.10,0.00,0.00,0.00,0.00,0.00,0.00
Hungary,no data,no data,no data,no data,no data,no data,no data,no data,no data,no data,no data,no data,no data,no data,no data,84.10,71.30,61.90,59.80,59.70,55.00,51.60,54.80,57.40,58.30,60.20,64.40,65.30,71.20,77.50,80.20,80.50,78.40,77.10,76.60,76.60,75.90,73.30,69.40,66.60,65.00,63.50,62.20,61.00,59.90
Iceland,no data,no data,28.90,30.70,32.40,32.00,29.80,27.30,30.60,35.30,35.50,37.60,45.40,52.20,54.80,58.00,55.20,52.00,43.50,38.90,37.20,42.40,39.10,38.10,32.70,24.50,29.00,27.10,66.10,80.90,85.40,92.00,89.40,81.80,78.80,65.00,51.20,43.10,35.40,33.10,30.10,27.80,25.70,23.30,22.00
India,no data,no data,no data,no data,no data,no data,no data,no data,no data,no data,no data,75.30,77.40,77.00,73.50,69.70,66.00,67.80,68.10,70.00,73.60,78.70,82.90,84.20,83.30,80.90,77.10,74.00,74.50,72.50,67.50,69.60,69.10,68.50,67.80,69.90,69.00,69.80,69.80,69.00,67.80,66.50,65.30,64.20,63.10
Indonesia,no data,no data,no data,no data,no data,no data,no data,no data,no data,no data,no data,no data,no data,no data,no data,no data,no data,no data,no data,no data,87.40,73.70,62.30,55.60,51.30,42.60,35.80,32.30,30.30,26.50,24.50,23.10,23.00,24.80,24.70,27.50,28.30,28.90,29.20,29.30,29.00,29.00,29.00,28.80,28.50
Iran,no data,no data,no data,no data,no data,no data,no data,no data,no data,no data,no data,no data,no data,no data,no data,no data,22.20,19.10,21.70,15.90,11.90,11.70,21.60,19.50,16.20,13.00,11.90,11.40,9.10,10.10,11.70,8.90,12.10,10.70,11.80,38.40,47.50,39.50,33.20,30.00,27.30,25.70,25.10,25.40,24.50
Iraq,no data,no data,no data,no data,no data,no data,no data,no data,no data,no data,no data,no data,no data,no data,no data,no data,no data,no data,no data,no data,no data,no data,no data,no data,344.30,227.30,143.20,117.10,74.20,87.40,53.50,40.70,34.80,32.00,32.90,56.90,66.10,59.60,48.40,50.20,47.40,46.50,46.30,47.00,49.00
Ireland,no data,no data,no data,no data,no data,no data,no data,no data,no data,no data,no data,no data,no data,no data,no data,78.50,69.90,61.60,51.50,46.60,36.10,33.20,30.60,29.90,28.20,26.10,23.60,23.90,42.40,61.50,86.00,110.90,119.90,119.80,104.30,76.90,73.50,68.50,65.20,62.40,58.90,57.10,54.00,51.00,47.80
Israel,no data,no data,no data,no data,no data,no data,no data,no data,no data,no data,no data,no data,no data,no data,no data,no data,no data,no data,no data,no data,79.60,83.70,90.20,92.90,91.30,88.20,80.00,73.00,71.90,74.50,70.70,68.70,68.40,67.00,65.80,63.80,62.00,60.40,59.60,59.00,58.10,57.20,56.40,55.60,54.90
Italy,no data,no data,no data,no data,no data,no data,no data,no data,92.90,95.50,98.70,102.20,109.70,120.50,127.00,116.90,116.30,113.80,110.80,109.70,105.10,104.70,101.90,100.50,100.10,101.90,102.60,99.80,102.40,112.50,115.40,116.50,123.40,129.00,131.80,131.60,131.30,131.30,132.10,133.40,134.10,135.30,136.40,137.50,138.50
Jamaica,no data,no data,no data,no data,no data,no data,no data,no data,no data,no data,no data,no data,no data,no data,no data,no data,no data,no data,no data,82.70,91.80,108.00,118.40,123.20,119.90,124.70,117.10,114.50,127.00,141.90,141.90,140.50,145.10,138.70,137.90,121.30,113.60,101.10,99.40,94.10,88.90,82.50,76.30,69.90,63.90
Japan,48.80,54.00,59.00,64.90,67.00,69.70,75.50,77.30,73.20,66.80,64.30,63.50,68.00,74.20,85.00,95.90,101.00,106.70,117.90,131.10,137.90,146.80,156.80,162.70,171.70,176.80,176.40,175.40,183.40,201.00,207.90,222.10,229.00,232.50,236.10,231.60,236.30,235.00,237.10,237.50,237.00,237.40,237.80,238.00,238.30
Jordan,no data,no data,no data,no data,no data,no data,no data,no data,177.50,211.60,219.70,200.60,149.70,137.00,126.30,114.90,113.80,106.60,109.70,108.00,100.50,96.50,99.70,99.60,91.80,84.30,76.30,73.80,60.20,64.80,67.10,70.40,79.10,85.50,87.80,92.40,93.80,94.30,94.20,94.80,95.00,94.00,91.10,88.60,86.00
Kazakhstan,no data,no data,no data,no data,no data,no data,no data,no data,no data,no data,no data,no data,no data,no data,no data,no data,no data,no data,no data,no data,no data,no data,17.60,15.00,11.40,8.10,6.70,5.90,6.80,10.20,10.70,10.20,12.10,12.60,14.50,21.90,19.70,20.30,21.90,20.90,20.00,19.20,18.50,17.70,16.80
Kenya,no data,no data,no data,no data,no data,no data,no data,no data,no data,no data,no data,no data,no data,no data,no data,no data,no data,no data,54.40,53.70,52.20,56.20,61.80,60.10,53.80,48.30,44.00,38.40,41.50,41.10,44.40,43.00,43.90,44.00,48.60,51.40,53.20,54.80,57.20,55.50,52.80,49.50,48.90,49.40,49.60
Kiribati,no data,no data,no data,no data,no data,no data,no data,no data,2.10,4.30,6.60,7.30,9.40,13.70,15.00,15.00,13.40,12.80,11.20,13.20,11.90,15.40,11.80,11.20,12.00,10.50,11.30,9.90,12.90,9.30,8.50,8.00,7.40,8.30,8.70,20.00,23.60,23.00,21.90,23.50,28.10,35.10,41.00,46.30,51.20
"Korea, Republic of",no data,no data,no data,no data,no data,no data,no data,no data,no data,no data,13.40,12.50,12.20,11.40,10.10,8.90,8.20,10.20,14.70,16.70,17.10,17.70,17.60,20.40,23.30,27.00,29.30,28.70,28.20,31.40,30.80,31.50,32.20,35.40,37.30,39.50,39.90,39.80,40.70,40.50,40.70,41.10,41.80,42.20,42.40
Kosovo,no data,no data,no data,no data,no data,no data,no data,no data,no data,no data,no data,no data,no data,no data,no data,no data,no data,no data,no data,no data,no data,no data,no data,no data,no data,no data,16.70,14.60,9.80,6.10,5.90,5.20,8.20,9.00,10.60,13.00,14.30,16.30,17.00,19.70,22.20,24.30,26.10,27.40,28.70
Kuwait,no data,no data,no data,no data,no data,no data,no data,no data,no data,no data,no data,151.10,117.70,88.90,88.50,78.00,59.00,52.20,55.10,46.60,34.90,35.10,30.00,23.00,17.30,11.80,8.30,7.00,5.40,6.70,6.20,4.60,3.60,3.10,3.40,4.70,10.00,20.70,14.80,17.80,21.00,26.20,31.10,34.70,38.40
Kyrgyz Republic,no data,no data,no data,no data,no data,no data,no data,no data,no data,no data,no data,no data,no data,no data,no data,no data,no data,no data,no data,no data,123.30,108.20,107.90,108.20,92.70,85.70,73.40,57.70,49.00,58.50,59.70,50.10,50.50,47.10,53.60,67.10,59.10,58.80,56.00,56.10,55.50,55.30,54.50,54.40,54.40
Lao P.D.R.,no data,no data,no data,no data,no data,no data,no data,no data,no data,no data,no data,no data,no data,no data,no data,no data,no data,no data,no data,no data,no data,94.80,95.40,90.20,80.70,73.20,62.00,55.40,52.00,54.50,53.50,49.00,53.60,54.30,56.50,56.00,56.40,60.30,63.00,64.10,65.30,66.00,66.90,67.50,67.80
Latvia,no data,no data,no data,no data,no data,no data,no data,no data,no data,no data,no data,no data,no data,no data,no data,no data,no data,no data,9.50,14.40,14.80,17.50,14.90,14.30,14.10,11.50,9.60,8.10,18.00,35.50,46.40,42.90,41.50,39.00,40.90,36.80,40.30,40.00,37.60,36.70,35.10,34.70,33.10,31.80,30.50
Lebanon,no data,no data,no data,no data,no data,no data,no data,no data,no data,no data,no data,no data,no data,no data,no data,no data,no data,no data,no data,no data,148.20,163.20,163.20,171.40,169.70,179.00,183.10,169.00,160.90,144.20,136.90,133.90,130.40,135.40,137.80,140.70,146.10,149.00,150.90,157.80,162.70,166.60,169.30,171.30,173.10
Lesotho,no data,no data,no data,no data,no data,no data,no data,no data,23.10,25.30,17.80,11.80,63.80,70.50,66.30,62.20,70.90,65.00,78.60,82.10,87.60,107.60,78.80,52.10,45.50,48.70,51.00,50.90,44.90,34.10,31.80,33.70,37.00,38.50,39.20,43.30,37.20,36.80,39.00,37.90,37.30,34.80,32.60,30.40,32.30
Liberia,no data,no data,no data,no data,no data,no data,no data,no data,no data,no data,no data,no data,no data,no data,no data,no data,no data,no data,no data,no data,401.60,399.10,397.80,514.90,466.30,419.10,386.90,314.70,201.90,113.40,21.80,19.30,17.60,17.90,21.70,25.90,28.30,34.10,40.50,46.70,52.60,58.40,60.90,65.40,66.60
Lithuania,no data,no data,no data,no data,no data,no data,no data,no data,no data,no data,no data,no data,no data,no data,no data,no data,no data,no data,21.80,28.10,23.50,22.90,22.10,20.40,18.70,17.60,17.20,15.90,14.60,29.00,36.20,37.20,39.80,38.80,40.50,42.60,39.90,39.40,35.90,33.80,31.80,30.00,28.30,26.80,25.40
Luxembourg,no data,no data,no data,no data,no data,no data,no data,no data,no data,no data,no data,no data,no data,no data,no data,8.90,8.70,8.50,8.10,7.10,6.50,6.90,6.80,6.80,7.30,7.40,7.80,7.70,14.90,15.70,19.80,18.70,21.70,23.70,22.70,22.20,20.70,23.00,21.80,21.60,21.30,21.00,20.50,20.00,19.60
Macao SAR,no data,no data,no data,no data,no data,no data,no data,no data,no data,no data,no data,no data,no data,no data,no data,no data,no data,no data,no data,no data,no data,0.00,0.00,0.00,0.00,0.00,0.00,0.00,0.00,0.00,0.00,0.00,0.00,0.00,0.00,0.00,0.00,0.00,0.00,0.00,0.00,0.00,0.00,0.00,0.00
Madagascar,no data,no data,no data,no data,no data,no data,no data,no data,no data,no data,118.30,138.40,137.30,126.80,113.50,116.40,121.90,107.90,127.70,119.70,107.70,98.60,105.50,100.00,95.00,86.50,37.40,32.80,32.70,36.80,34.70,35.00,35.50,36.10,34.70,35.70,41.90,40.30,39.70,41.00,42.10,43.50,45.10,46.10,46.60
Malawi,no data,no data,no data,no data,no data,no data,no data,no data,no data,no data,no data,no data,no data,no data,no data,no data,no data,no data,no data,no data,no data,no data,137.20,128.50,115.10,106.60,28.10,28.40,36.20,35.60,29.60,30.60,43.90,59.20,54.70,61.20,61.30,61.90,61.30,59.00,58.50,56.90,54.80,52.20,50.00
Malaysia,no data,no data,no data,no data,no data,no data,no data,no data,no data,no data,75.20,68.30,59.90,51.90,44.30,38.70,33.20,30.00,34.10,34.90,33.00,38.60,40.10,42.00,42.60,41.40,40.20,39.90,39.90,51.10,51.90,52.60,54.60,56.40,56.20,57.90,56.60,55.20,56.20,56.30,55.80,55.20,54.60,53.90,53.20
Maldives,no data,no data,no data,no data,no data,no data,no data,no data,no data,no data,no data,no data,no data,no data,no data,no data,no data,38.10,39.30,38.90,39.00,41.80,44.30,37.60,34.70,43.20,36.80,35.80,39.00,48.40,52.70,51.90,57.10,55.90,55.10,53.30,59.40,61.60,61.50,61.40,61.40,61.20,60.90,60.70,60.60
Mali,no data,no data,no data,no data,no data,no data,no data,no data,no data,no data,no data,no data,no data,no data,no data,no data,no data,no data,no data,no data,90.50,77.50,42.60,44.10,42.40,46.60,18.10,18.50,20.30,21.90,25.30,24.00,25.40,26.40,27.40,30.70,35.90,35.40,36.60,36.90,37.60,38.20,38.90,39.10,39.60
Malta,no data,no data,no data,no data,no data,no data,no data,no data,no data,no data,no data,no data,no data,no data,no data,45.10,51.30,60.50,66.10,69.50,64.20,70.10,64.90,68.70,71.10,70.00,64.50,62.30,62.60,67.60,67.50,70.20,67.70,68.40,63.40,57.90,55.40,50.20,45.40,42.50,39.10,35.70,32.10,30.00,28.20
Marshall Islands,no data,no data,no data,no data,no data,no data,no data,no data,no data,no data,no data,no data,no data,no data,no data,no data,no data,8.90,18.50,27.00,27.90,34.40,38.80,44.50,46.90,45.00,43.30,41.20,41.60,40.20,37.20,35.30,36.40,32.30,35.10,34.30,29.80,27.20,25.20,23.40,22.80,22.20,22.00,22.10,22.50
Mauritania,no data,no data,no data,no data,no data,no data,no data,no data,no data,no data,no data,no data,no data,no data,no data,no data,no data,no data,no data,no data,234.40,231.70,204.40,177.90,170.90,154.80,82.60,73.40,53.80,62.40,58.50,52.10,53.20,51.10,60.30,76.80,78.50,76.80,83.90,80.60,82.00,79.80,70.50,63.60,55.90
Mauritius,no data,no data,no data,no data,no data,no data,no data,no data,no data,no data,no data,no data,no data,no data,no data,no data,no data,no data,no data,no data,57.30,59.80,64.10,65.70,61.10,61.40,61.20,49.60,50.70,56.90,57.10,57.20,56.60,59.10,62.00,65.40,66.20,63.70,65.20,67.50,67.80,66.70,65.50,64.40,63.40
Mexico,no data,no data,no data,no data,no data,no data,no data,no data,no data,no data,no data,no data,no data,no data,no data,no data,44.70,40.90,42.00,43.80,40.30,39.30,41.90,44.20,40.80,38.50,37.40,37.20,42.50,43.70,42.00,42.90,42.70,45.90,48.90,52.80,56.80,54.00,53.60,54.10,54.50,54.50,54.50,54.40,54.30
"Micronesia, Fed. States of",no data,no data,no data,no data,no data,no data,no data,no data,no data,no data,no data,no data,no data,no data,no data,54.00,43.90,47.20,42.10,35.80,27.00,23.60,24.00,24.60,25.30,24.70,25.00,25.70,28.90,30.80,28.90,28.40,27.10,27.70,28.20,25.70,24.30,22.10,20.20,18.40,16.80,15.30,13.80,12.40,16.50
Moldova,no data,no data,no data,no data,no data,no data,no data,no data,no data,no data,no data,no data,no data,no data,no data,55.10,60.70,61.70,110.50,104.50,61.50,56.60,51.40,42.00,33.00,27.60,24.90,19.90,15.70,24.00,22.30,20.00,20.50,20.00,25.60,33.10,31.90,29.30,27.10,28.80,30.70,31.00,32.00,32.50,33.00
Montenegro,no data,no data,no data,no data,no data,no data,no data,no data,no data,no data,no data,no data,no data,no data,no data,no data,no data,no data,no data,no data,no data,no data,76.70,40.90,45.40,38.60,36.70,31.80,34.20,43.70,45.00,48.60,56.90,58.70,63.40,69.00,66.60,66.30,72.10,70.60,78.00,70.00,66.40,62.70,59.70
Morocco,no data,no data,no data,no data,no data,no data,no data,no data,no data,no data,76.30,64.00,72.50,80.80,75.00,78.20,70.70,73.50,69.80,68.60,70.20,65.40,64.30,61.60,58.90,59.30,54.80,50.90,45.40,46.10,49.00,52.50,56.50,61.70,63.30,63.70,64.90,65.10,65.20,65.10,64.30,63.10,62.00,60.90,60.00
Mozambique,no data,no data,no data,no data,no data,no data,no data,no data,no data,no data,no data,no data,no data,no data,no data,no data,no data,no data,no data,115.90,118.20,123.40,75.80,74.90,59.70,70.20,46.60,36.00,36.30,41.90,43.30,38.00,40.10,53.10,62.40,88.10,121.60,103.20,100.40,124.50,119.90,115.30,111.50,100.90,89.50
Myanmar,no data,no data,no data,no data,no data,no data,no data,no data,no data,no data,no data,no data,no data,no data,no data,no data,no data,no data,169.60,125.40,146.60,216.00,161.90,124.10,119.10,110.40,90.50,62.40,53.10,55.10,49.60,46.10,43.40,37.10,37.40,41.60,41.80,47.30,49.40,49.10,47.80,46.50,44.90,43.70,42.50
Namibia,no data,no data,no data,no data,no data,no data,no data,no data,no data,no data,no data,no data,no data,17.80,17.40,19.40,20.60,19.70,22.40,22.90,20.40,23.60,22.10,26.40,28.80,26.00,24.40,18.70,18.80,15.50,16.00,26.20,23.70,24.20,24.70,38.70,39.50,41.50,47.10,51.60,55.90,59.80,63.20,66.70,70.20
Nauru,no data,no data,no data,no data,no data,no data,no data,no data,no data,no data,no data,no data,no data,no data,no data,no data,no data,no data,no data,no data,no data,no data,no data,no data,no data,no data,no data,no data,no data,245.50,234.00,170.30,119.60,110.40,79.00,77.70,65.00,62.00,61.50,60.40,60.50,60.40,60.70,60.70,60.30
Nepal,no data,no data,no data,no data,no data,no data,no data,no data,no data,no data,no data,no data,no data,no data,no data,no data,no data,no data,no data,no data,57.90,57.90,59.10,60.40,58.50,51.50,48.90,43.20,41.90,38.50,34.00,31.70,34.30,32.20,28.20,25.60,27.90,26.40,30.40,33.10,34.10,33.80,33.50,32.60,31.90
Netherlands,43.70,47.00,52.60,58.60,62.10,67.30,69.20,71.50,73.90,74.00,75.30,75.10,75.80,76.90,73.70,72.20,70.50,64.90,61.70,57.50,50.90,48.20,47.50,48.70,49.10,48.50,44.10,42.00,53.80,55.80,59.30,61.70,66.20,67.70,67.90,64.70,61.90,57.00,54.40,52.00,49.90,47.40,44.90,42.30,39.80
New Zealand,no data,no data,no data,no data,no data,64.20,68.60,63.00,54.80,55.00,55.40,58.00,58.70,54.60,49.00,43.50,37.30,34.60,34.50,32.00,30.00,28.20,26.40,24.70,22.50,20.80,18.40,16.30,19.00,24.30,29.70,34.70,35.70,34.60,34.20,34.40,33.50,31.60,29.40,28.10,27.30,26.80,25.90,23.50,21.20
Nicaragua,no data,no data,no data,no data,no data,no data,no data,no data,no data,no data,no data,no data,no data,no data,no data,no data,no data,86.40,86.50,99.80,95.20,87.50,110.40,109.50,84.00,66.60,51.20,30.90,26.00,29.30,30.30,28.80,27.90,28.80,28.70,29.20,31.20,34.00,37.20,40.90,43.90,46.50,48.80,50.90,52.20
Niger,no data,no data,no data,no data,no data,no data,no data,no data,no data,no data,no data,no data,no data,no data,no data,90.70,81.00,91.10,81.70,83.70,115.60,104.60,98.20,78.00,67.80,64.50,24.00,23.00,17.30,21.60,20.70,25.90,24.90,24.70,30.60,39.70,43.70,49.00,55.10,55.60,54.10,52.50,48.30,45.80,44.20
Nigeria,no data,no data,no data,no data,no data,no data,no data,no data,no data,no data,71.70,75.00,70.20,71.00,55.90,34.00,25.20,24.10,22.30,64.90,57.60,53.10,43.30,42.10,35.50,18.90,9.40,8.10,7.30,8.60,9.60,17.60,17.70,18.60,17.50,20.30,23.40,25.30,28.40,30.10,31.40,32.70,33.80,34.90,35.90
North Macedonia ,no data,no data,no data,no data,no data,no data,no data,no data,no data,no data,no data,no data,no data,no data,no data,no data,no data,no data,no data,29.80,45.60,45.20,40.50,36.50,34.60,36.70,30.60,23.50,20.60,23.60,24.10,27.70,33.70,34.00,38.00,38.10,39.80,39.40,39.50,40.50,41.30,41.80,42.10,42.10,41.90
Norway,46.70,42.50,37.70,34.70,34.50,36.20,45.10,37.70,31.80,31.70,28.40,38.40,44.10,52.60,49.60,32.10,27.80,25.20,22.90,24.30,28.10,26.70,33.50,42.70,43.50,42.00,52.30,49.20,47.20,41.90,42.30,28.80,30.00,30.40,28.40,32.90,36.20,36.80,36.80,36.80,36.80,36.80,36.80,36.80,36.80
Oman,no data,no data,no data,no data,no data,no data,no data,no data,no data,no data,20.40,26.60,28.40,28.10,30.70,28.50,27.60,27.10,38.40,35.40,26.70,27.40,21.10,19.40,16.60,9.60,8.70,6.90,4.70,6.70,5.80,5.20,4.90,5.00,4.90,15.50,32.50,46.90,50.90,61.30,63.10,64.50,66.90,70.50,73.30
Pakistan,no data,no data,no data,no data,no data,no data,no data,no data,no data,no data,no data,no data,no data,no data,73.00,65.20,65.50,65.80,67.00,75.60,76.80,81.20,76.10,70.50,63.20,58.90,53.70,52.40,57.20,58.50,60.60,58.90,63.20,63.90,63.50,63.30,67.60,67.00,72.10,77.00,79.10,81.00,82.60,84.10,85.60
Panama,no data,no data,no data,no data,no data,no data,no data,no data,no data,no data,no data,no data,no data,no data,82.50,80.70,68.50,63.40,61.20,58.10,56.40,60.90,60.00,59.50,61.90,62.50,57.60,49.20,41.50,40.50,39.50,36.90,35.30,34.40,36.50,37.40,37.30,37.50,39.40,37.80,36.10,34.60,33.20,32.00,31.00
Papua New Guinea,no data,no data,no data,no data,no data,no data,no data,no data,no data,no data,no data,no data,no data,no data,39.40,35.90,37.20,43.20,44.90,41.00,41.60,46.80,46.40,39.70,37.20,31.70,26.10,22.20,21.60,21.70,17.30,16.30,19.10,24.90,27.10,32.30,37.80,37.50,36.90,37.70,37.00,36.60,35.80,35.00,34.30
Paraguay,no data,no data,no data,no data,no data,no data,no data,no data,no data,no data,67.00,49.40,34.40,26.60,18.70,17.60,16.80,18.00,22.10,32.00,33.60,40.30,54.50,40.30,30.30,24.10,18.20,14.90,14.50,13.70,12.10,10.20,12.50,13.20,15.60,18.60,19.40,19.80,21.60,22.40,22.30,22.30,22.30,22.30,22.40
Peru,no data,no data,no data,no data,no data,no data,no data,no data,no data,no data,no data,no data,no data,no data,no data,no data,no data,no data,no data,no data,44.40,43.40,45.00,49.00,46.30,40.00,34.80,31.90,27.90,28.40,25.40,23.00,21.20,20.00,20.70,24.00,24.50,25.40,26.80,27.20,27.00,26.40,25.90,25.50,25.00
Philippines,no data,no data,no data,no data,no data,no data,no data,no data,no data,no data,no data,no data,no data,76.10,65.50,62.70,54.70,58.70,52.40,55.90,61.10,61.50,67.50,74.10,73.90,67.40,59.70,52.40,52.10,52.10,49.70,47.50,47.90,45.70,42.10,41.50,39.00,39.90,39.60,39.10,38.50,37.90,37.30,36.90,36.40
Poland,no data,no data,no data,no data,no data,no data,no data,no data,no data,no data,no data,no data,no data,no data,no data,48.70,43.10,42.70,38.70,39.30,36.40,37.10,41.50,46.30,45.10,46.40,46.90,44.20,46.30,49.40,53.10,54.10,53.70,55.70,50.40,51.30,54.20,50.60,48.40,47.50,48.20,49.10,49.90,50.50,51.20
Portugal,no data,no data,no data,no data,no data,no data,no data,no data,no data,no data,56.40,59.90,54.40,53.60,56.60,58.30,59.50,55.20,51.80,51.00,50.30,53.40,56.20,58.70,62.00,67.40,69.20,68.40,71.70,83.60,90.50,111.40,126.20,129.00,130.60,128.80,129.20,124.80,121.40,119.50,117.30,111.30,107.40,106.30,102.70
Puerto Rico,no data,no data,no data,no data,no data,no data,no data,no data,no data,no data,no data,no data,no data,no data,no data,no data,no data,no data,no data,no data,no data,no data,no data,no data,no data,no data,33.40,36.90,40.80,46.50,48.30,50.00,53.70,52.30,54.50,52.70,50.10,51.60,54.60,57.70,59.80,60.50,61.10,61.50,61.90
Qatar,no data,no data,no data,no data,no data,no data,no data,no data,no data,no data,10.70,17.60,16.60,37.50,44.20,42.30,49.50,48.00,63.40,74.40,52.50,59.10,47.60,39.10,29.00,19.20,13.40,8.90,11.10,32.40,29.10,33.50,32.10,30.90,24.90,35.50,46.70,49.80,48.40,52.70,45.90,40.60,37.10,33.30,29.40
Romania,no data,no data,no data,no data,no data,no data,no data,no data,no data,no data,no data,no data,no data,no data,no data,no data,no data,no data,no data,no data,29.40,27.20,27.30,24.00,21.00,17.50,12.50,12.40,13.00,22.50,30.90,34.20,37.80,39.00,40.50,39.40,38.90,36.90,36.60,38.00,39.70,41.50,43.30,45.00,46.20
Russian Federation,no data,no data,no data,no data,no data,no data,no data,no data,no data,no data,no data,no data,no data,no data,no data,no data,no data,no data,no data,92.40,55.90,44.50,37.60,28.40,20.80,14.90,9.80,8.00,7.50,9.90,10.90,11.20,11.90,13.10,16.10,16.40,16.10,15.50,14.00,13.80,13.90,14.10,14.70,15.90,16.90
Rwanda,no data,no data,no data,no data,no data,no data,no data,no data,no data,no data,no data,no data,no data,no data,no data,119.50,99.00,85.70,83.10,93.00,102.50,98.60,108.00,92.10,92.10,67.00,23.70,23.50,19.50,18.20,19.30,16.70,18.90,20.80,26.60,29.70,32.90,36.50,40.70,50.00,51.30,52.50,54.20,55.60,56.40
Saint Kitts and Nevis,no data,no data,no data,no data,no data,no data,no data,no data,no data,no data,no data,no data,no data,no data,no data,no data,48.90,66.50,77.40,89.20,93.80,101.50,115.80,135.90,146.70,148.50,139.20,127.60,122.20,133.20,143.90,134.90,126.60,93.80,75.20,66.10,61.50,61.10,62.00,59.50,59.70,63.80,68.60,72.00,75.50
Saint Lucia,no data,no data,no data,no data,no data,no data,no data,no data,no data,no data,18.70,21.50,24.70,25.40,26.10,25.40,26.70,29.70,32.50,32.20,36.60,42.50,53.20,49.90,54.50,56.30,52.60,51.00,51.80,54.50,55.70,60.00,67.00,68.90,69.60,66.80,66.60,66.10,66.80,71.60,74.20,74.70,75.70,76.80,77.50
Saint Vincent and the Grenadines,no data,no data,no data,no data,no data,no data,no data,no data,no data,no data,59.80,57.90,54.80,53.30,58.60,51.50,44.50,42.50,43.10,57.80,58.60,56.50,55.40,53.90,62.00,65.40,64.10,55.50,56.70,63.60,65.40,68.80,72.50,75.00,79.40,79.40,82.80,74.20,73.10,71.40,69.70,68.10,66.70,65.60,64.60
Samoa,no data,no data,no data,no data,no data,no data,no data,no data,no data,no data,no data,no data,no data,no data,no data,no data,no data,no data,60.50,61.00,57.20,55.20,51.60,43.90,40.90,35.00,34.40,32.30,28.90,32.30,41.20,42.10,49.20,53.60,54.40,57.80,52.60,49.10,50.20,49.40,48.90,49.60,50.50,51.40,52.80
San Marino,no data,no data,no data,no data,no data,no data,no data,no data,no data,no data,no data,no data,no data,no data,no data,no data,no data,no data,no data,no data,no data,no data,no data,no data,15.40,13.20,12.90,13.00,15.80,20.40,20.30,19.50,23.30,35.00,32.90,33.50,35.20,76.60,77.00,77.10,77.90,78.00,78.10,78.20,78.30
Saudi Arabia,no data,no data,no data,no data,no data,no data,no data,no data,no data,no data,no data,39.40,47.80,58.60,67.90,74.20,75.20,76.70,101.50,103.00,86.70,93.10,96.40,81.60,62.90,37.30,25.80,17.10,12.10,14.00,8.40,5.40,3.00,2.10,1.60,5.80,13.10,17.20,19.10,23.70,25.40,27.60,28.10,32.40,37.50
Senegal,no data,no data,no data,no data,no data,no data,no data,no data,no data,no data,no data,no data,no data,no data,no data,no data,0.10,67.30,18.80,15.20,58.00,56.00,53.70,43.20,37.60,36.10,17.30,18.60,18.90,26.90,28.30,32.70,34.20,36.80,42.40,44.50,47.70,60.60,64.40,62.00,60.40,59.40,55.20,52.40,51.60
Serbia,no data,no data,no data,no data,no data,no data,no data,no data,no data,no data,no data,no data,no data,no data,no data,no data,no data,no data,no data,no data,224.80,106.30,76.10,71.80,62.20,51.30,38.00,31.20,30.60,33.90,41.20,44.00,54.40,57.50,67.60,71.30,68.90,58.70,54.30,50.90,48.30,45.50,43.00,40.80,38.60
Seychelles,no data,no data,no data,no data,no data,no data,no data,no data,no data,no data,80.40,89.20,79.90,82.20,123.50,133.50,146.70,143.00,161.20,159.80,177.80,199.80,195.90,177.00,163.20,144.10,135.10,144.00,192.10,106.10,82.20,82.50,80.10,68.20,72.70,67.30,69.00,63.60,58.20,54.50,49.50,44.80,41.00,37.60,34.90
Sierra Leone,no data,no data,no data,no data,no data,no data,no data,no data,no data,no data,no data,no data,no data,no data,no data,no data,no data,no data,no data,no data,no data,180.70,158.80,160.30,151.60,130.90,103.20,42.20,42.40,48.10,46.80,44.80,36.80,30.50,35.00,44.90,55.50,57.60,71.30,72.40,72.00,71.50,69.20,67.40,65.70
Singapore,no data,no data,no data,no data,no data,no data,no data,no data,no data,no data,70.90,73.70,76.20,68.70,68.20,67.40,68.80,68.30,81.50,83.60,79.90,93.70,94.30,97.60,94.70,92.10,85.10,84.70,95.30,99.70,97.00,100.40,104.80,101.20,96.10,99.40,103.70,106.90,108.30,109.40,111.20,111.80,112.60,112.80,117.00
Slovak Republic,no data,no data,no data,no data,no data,no data,no data,no data,no data,no data,no data,no data,no data,no data,no data,21.70,30.50,33.00,33.90,47.10,49.60,48.30,42.90,41.60,40.60,34.10,31.00,30.10,28.50,36.30,41.20,43.70,52.20,54.70,53.50,52.20,51.80,50.90,48.80,46.90,45.10,43.30,41.50,39.80,38.60
Slovenia,no data,no data,no data,no data,no data,no data,no data,no data,no data,no data,no data,no data,no data,no data,no data,16.80,20.10,20.70,21.20,22.00,29.00,28.50,28.40,27.00,26.80,26.30,26.00,22.70,21.60,34.50,38.20,46.40,53.80,70.40,80.40,82.60,78.70,74.10,68.50,65.40,63.40,61.20,59.10,56.90,54.90
Solomon Islands,no data,no data,no data,no data,no data,no data,no data,no data,no data,no data,no data,no data,no data,no data,no data,no data,no data,no data,no data,no data,no data,no data,no data,70.70,58.20,53.30,48.40,43.90,35.50,33.90,28.50,20.60,17.00,15.30,11.90,10.10,7.90,9.40,12.10,14.60,17.60,20.60,23.40,26.10,28.50
South Africa,no data,no data,no data,no data,no data,no data,no data,no data,no data,no data,no data,no data,no data,no data,no data,no data,no data,no data,no data,no data,42.20,42.40,35.50,35.40,34.40,33.20,31.40,27.10,26.50,30.10,34.70,38.20,41.00,44.10,47.00,49.30,51.50,53.00,56.70,57.80,59.80,61.80,63.50,65.10,66.50
"South Sudan, Republic of",no data,no data,no data,no data,no data,no data,no data,no data,no data,no data,no data,no data,no data,no data,no data,no data,no data,no data,no data,no data,no data,no data,no data,no data,no data,no data,no data,no data,no data,no data,no data,0.00,8.90,17.60,38.30,69.30,89.30,65.20,43.80,37.80,34.20,34.50,34.30,22.40,22.30
Spain,16.60,20.00,25.10,30.40,37.10,42.10,43.30,43.10,39.60,41.00,42.50,43.10,45.40,56.20,58.70,63.40,67.50,66.20,64.20,62.50,58.00,54.20,51.30,47.60,45.30,42.30,38.90,35.50,39.40,52.70,60.10,69.50,85.70,95.50,100.40,99.30,99.00,98.10,97.00,96.00,94.90,94.10,93.30,92.70,92.30
Sri Lanka,no data,no data,no data,no data,no data,no data,no data,no data,no data,no data,81.60,83.20,80.60,81.80,80.50,80.40,78.80,72.50,76.70,80.30,81.90,87.20,99.50,89.40,89.40,79.20,76.80,74.30,71.10,75.20,71.60,71.10,69.60,71.80,72.20,78.50,79.60,79.10,84.10,83.00,80.60,78.30,75.90,73.80,71.60
Sudan,no data,no data,no data,no data,no data,no data,no data,no data,no data,no data,no data,no data,495.20,285.90,386.50,239.00,220.90,167.70,179.70,160.50,143.20,125.60,121.70,117.40,97.80,75.50,63.70,53.70,55.80,70.90,67.40,69.50,97.00,93.10,83.20,83.10,99.90,122.00,163.20,177.90,182.40,186.20,182.50,181.60,182.30
Suriname,no data,no data,no data,no data,no data,no data,no data,no data,no data,no data,78.00,81.10,68.90,54.70,32.70,17.40,12.60,18.00,23.20,34.60,38.30,39.80,38.10,33.50,31.60,28.90,24.00,17.40,15.60,15.60,18.50,20.00,21.40,29.60,26.30,43.40,78.50,77.20,69.60,72.00,75.70,76.20,77.60,78.80,80.20
Sweden,no data,no data,no data,no data,no data,no data,no data,no data,no data,no data,no data,no data,no data,66.60,69.00,69.10,69.50,68.30,66.00,60.70,50.70,52.20,50.20,49.70,48.90,49.10,43.90,39.20,37.70,41.30,38.60,37.80,38.10,40.70,45.50,44.20,42.40,40.80,39.00,37.20,35.50,33.90,32.30,30.90,29.40
Switzerland,no data,no data,no data,no data,no data,no data,no data,no data,no data,no data,34.30,36.10,40.70,45.70,48.50,51.50,52.90,55.20,57.50,54.10,53.50,52.40,59.10,58.20,59.20,56.10,49.60,45.50,45.90,44.10,42.60,42.90,43.70,42.90,43.00,43.00,41.80,41.80,40.50,39.50,38.20,36.90,35.70,34.60,33.40
Syria,no data,no data,no data,no data,no data,no data,no data,no data,no data,no data,189.80,182.40,173.60,171.90,163.00,152.60,141.50,147.60,151.20,147.70,152.10,144.50,132.40,133.40,113.00,50.70,45.00,42.70,37.30,31.20,30.00,no data,no data,no data,no data,no data,no data,no data,no data,no data,no data,no data,no data,no data,no data
São Tomé and Príncipe,no data,no data,no data,no data,no data,no data,no data,no data,no data,no data,no data,no data,no data,no data,no data,no data,no data,no data,no data,no data,no data,410.10,362.40,325.60,347.40,295.70,269.60,103.80,58.50,72.40,79.50,78.00,81.00,71.10,69.50,86.50,92.00,88.60,81.30,74.10,67.30,56.90,53.00,50.40,48.60
Taiwan Province of China,no data,no data,no data,no data,no data,no data,no data,no data,no data,no data,no data,no data,no data,no data,no data,no data,no data,24.90,23.60,23.70,26.20,30.00,29.60,32.00,33.30,33.90,33.10,32.10,33.30,36.60,36.70,38.20,39.20,39.00,37.80,36.60,36.20,35.50,35.00,33.90,32.90,31.90,30.80,29.60,28.40
Tajikistan,no data,no data,no data,no data,no data,no data,no data,no data,no data,no data,no data,no data,no data,no data,no data,no data,no data,no data,96.60,107.80,111.40,99.40,93.50,65.80,48.10,45.80,34.30,31.30,28.10,36.40,36.60,35.30,32.30,29.10,27.70,34.70,42.00,50.40,47.90,49.50,50.70,52.10,53.50,55.80,58.40
Tanzania,no data,no data,no data,no data,no data,no data,no data,no data,no data,no data,no data,no data,no data,no data,no data,no data,no data,no data,no data,no data,no data,50.20,47.00,44.30,44.60,46.80,32.80,21.60,21.50,24.40,27.30,27.80,28.70,30.00,32.60,35.90,36.40,36.60,36.00,36.60,37.20,38.10,39.10,40.40,41.80
Thailand,no data,no data,no data,no data,no data,no data,no data,no data,no data,no data,no data,no data,no data,no data,no data,no data,15.20,40.50,49.90,56.60,57.80,57.50,54.90,47.50,46.30,45.50,39.20,36.00,34.90,42.40,39.80,39.10,41.90,42.20,43.30,42.60,41.80,41.90,42.10,41.50,41.80,42.30,42.80,43.10,43.50
Timor-Leste,no data,no data,no data,no data,no data,no data,no data,no data,no data,no data,no data,no data,no data,no data,no data,no data,no data,no data,no data,no data,no data,0.00,0.00,0.00,0.00,0.00,0.00,0.00,0.00,0.00,0.00,0.00,0.00,0.10,0.50,1.50,3.10,3.80,5.40,no data,no data,no data,no data,no data,no data
Togo,no data,no data,no data,no data,no data,no data,no data,no data,no data,no data,no data,no data,no data,no data,no data,no data,no data,no data,no data,no data,no data,no data,no data,no data,no data,85.10,91.40,102.30,92.00,80.60,46.30,47.30,48.00,57.20,62.80,72.10,81.10,75.60,74.60,70.40,65.80,61.20,57.00,53.00,49.10
Trinidad and Tobago,no data,no data,no data,no data,no data,no data,no data,no data,65.30,51.90,49.50,50.00,49.50,59.60,54.80,51.10,48.00,46.50,43.40,43.40,40.60,37.20,35.80,30.60,24.10,19.80,16.80,16.30,13.80,18.10,20.30,28.90,24.60,24.80,23.60,27.20,37.80,43.30,45.30,49.80,51.40,52.10,53.20,54.10,54.80
Tunisia,no data,no data,no data,no data,no data,no data,no data,no data,no data,no data,no data,66.40,65.20,66.90,67.00,68.80,70.10,69.90,61.00,65.00,65.90,54.70,54.20,55.10,54.10,52.40,48.00,44.80,42.00,40.70,39.20,43.10,47.70,46.80,51.50,55.40,62.30,70.30,77.00,81.50,82.20,79.50,75.00,70.10,65.40
Turkey,no data,no data,no data,no data,no data,no data,no data,no data,no data,no data,no data,no data,no data,no data,no data,no data,no data,no data,no data,no data,51.60,76.10,72.10,65.70,57.70,50.80,44.70,38.20,38.10,43.90,40.10,36.50,32.70,31.40,28.80,27.60,28.30,28.30,29.10,29.90,28.30,28.10,28.10,27.60,26.70
Turkmenistan,no data,no data,no data,no data,no data,no data,no data,no data,no data,no data,no data,no data,no data,no data,no data,no data,no data,50.70,64.40,52.60,43.50,26.90,19.10,13.30,9.00,5.40,3.30,2.40,2.80,2.40,4.00,10.00,18.10,20.00,16.80,21.80,24.10,28.80,29.30,30.30,30.30,30.10,30.00,30.30,30.10
Tuvalu,no data,no data,no data,no data,no data,no data,no data,no data,no data,no data,no data,no data,no data,no data,no data,no data,no data,no data,no data,no data,no data,no data,no data,no data,no data,39.40,39.80,34.60,37.50,31.10,27.40,24.20,27.50,27.30,64.50,56.90,47.20,37.00,27.60,21.80,16.70,8.10,4.60,3.90,3.50
Uganda,no data,no data,no data,no data,no data,no data,no data,no data,no data,no data,no data,no data,no data,no data,no data,no data,no data,57.30,58.50,61.90,63.00,66.60,71.00,71.50,63.50,55.20,36.00,22.00,20.30,19.20,22.40,23.40,24.50,27.80,30.70,34.30,37.10,39.70,42.20,44.80,48.10,49.60,49.50,48.40,46.40
Ukraine,no data,no data,no data,no data,no data,no data,no data,no data,no data,no data,no data,no data,no data,no data,no data,no data,no data,28.90,46.50,59.00,43.80,36.70,33.60,29.40,24.80,17.70,14.80,12.30,20.40,35.40,40.60,36.90,37.50,40.50,70.30,79.50,81.20,71.90,63.90,62.00,57.90,53.80,49.80,46.20,43.70
United Arab Emirates,no data,no data,no data,no data,no data,no data,no data,no data,no data,no data,no data,no data,no data,no data,no data,no data,no data,no data,no data,4.80,3.10,2.70,3.60,4.40,5.60,6.60,6.80,7.90,12.50,24.10,21.90,17.40,17.00,15.80,15.50,18.70,20.20,19.70,18.70,19.20,19.00,18.70,18.40,18.10,17.80
United Kingdom,42.50,44.80,43.00,41.80,42.20,41.30,41.30,39.40,37.10,32.60,28.60,28.60,33.40,38.10,40.90,43.90,44.00,43.40,41.20,39.80,37.00,34.30,34.40,35.60,38.60,39.80,40.70,41.70,49.70,63.70,75.20,80.80,84.10,85.20,87.00,87.90,87.90,87.10,86.90,85.70,84.40,83.60,82.60,81.50,80.30
United States,no data,no data,no data,no data,no data,no data,no data,no data,no data,no data,no data,no data,no data,no data,no data,no data,no data,no data,no data,no data,no data,53.10,55.50,58.60,66.10,65.50,64.20,64.70,73.70,86.70,95.40,99.70,103.20,104.80,104.40,104.70,106.90,106.20,105.80,106.70,107.50,108.40,109.40,110.00,110.30
Uruguay,no data,no data,no data,no data,no data,no data,no data,no data,no data,no data,no data,no data,no data,no data,no data,no data,no data,no data,no data,no data,no data,54.90,109.60,111.50,93.50,83.90,75.70,68.00,59.80,63.10,59.40,58.10,58.00,60.20,61.40,64.60,61.60,65.70,70.00,71.30,71.00,71.20,71.50,71.60,71.30
Uzbekistan,no data,no data,no data,no data,no data,no data,no data,no data,no data,no data,no data,no data,no data,no data,no data,no data,no data,23.50,25.60,26.10,38.30,57.10,52.80,39.80,34.10,26.60,17.20,12.20,10.60,9.30,8.40,8.40,8.80,7.90,7.80,8.70,10.50,24.10,23.50,23.20,23.30,23.80,24.10,24.30,24.00
Vanuatu,no data,no data,no data,no data,no data,no data,no data,no data,no data,no data,no data,15.90,21.00,20.30,21.60,24.10,23.10,22.90,28.00,30.60,36.10,37.00,38.80,38.30,30.40,26.30,22.20,19.10,20.60,20.50,19.40,20.70,21.20,20.40,26.10,40.10,48.50,52.20,50.50,52.20,54.20,55.80,57.10,58.40,59.70
Venezuela,no data,no data,no data,no data,no data,no data,no data,no data,no data,no data,no data,no data,no data,no data,no data,no data,no data,no data,31.40,31.20,28.20,31.70,55.00,55.80,42.20,35.60,25.70,26.40,20.30,27.60,36.50,50.60,58.10,72.20,63.50,31.70,30.30,33.10,175.60,214.40,228.20,247.50,261.60,274.80,272.80
Vietnam,no data,no data,no data,no data,no data,no data,no data,no data,no data,no data,no data,no data,no data,no data,no data,no data,no data,no data,no data,no data,31.40,32.30,35.20,37.90,37.40,36.50,38.40,40.90,39.40,45.20,48.10,45.60,48.10,51.70,54.70,57.10,59.70,58.20,57.50,57.40,57.10,57.30,57.40,57.40,57.60
Yemen,no data,no data,no data,no data,no data,no data,no data,no data,no data,no data,no data,no data,no data,no data,no data,no data,no data,no data,no data,96.10,60.80,60.60,57.80,56.80,52.10,43.80,40.80,40.40,36.40,49.80,42.40,45.70,47.30,48.20,48.70,54.90,68.00,76.20,63.20,54.50,42.50,36.40,30.90,25.90,22.30
Zambia,no data,no data,no data,no data,no data,no data,no data,no data,no data,no data,no data,no data,no data,no data,no data,no data,no data,no data,no data,no data,261.00,210.20,180.20,159.50,129.90,75.70,25.00,21.90,19.20,20.50,18.90,20.80,25.40,27.10,36.10,62.30,60.70,62.70,72.40,80.50,83.50,84.10,82.80,80.00,76.80
Zimbabwe,no data,no data,no data,no data,no data,no data,no data,no data,no data,no data,no data,no data,no data,no data,no data,no data,no data,no data,no data,no data,no data,no data,no data,no data,no data,33.10,39.40,44.70,61.10,62.00,49.60,41.40,37.20,38.60,40.30,41.80,54.20,52.90,29.80,21.00,20.50,20.10,19.60,18.60,17.70
Africa (Region),no data,no data,no data,no data,no data,no data,no data,no data,no data,no data,no data,no data,no data,no data,no data,no data,no data,no data,no data,no data,70.00,68.00,63.60,59.20,53.50,46.00,37.20,32.40,30.20,34.90,33.90,35.30,36.20,38.90,40.60,47.10,53.60,54.20,56.10,56.80,56.40,55.60,54.70,53.30,52.70
Asia and Pacific,no data,no data,no data,no data,no data,no data,no data,no data,no data,no data,no data,no data,no data,no data,no data,no data,no data,no data,no data,no data,92.50,93.30,94.10,94.70,95.80,92.10,84.50,77.90,78.80,87.90,85.90,86.70,86.30,79.50,77.90,75.20,80.50,79.10,80.10,82.30,83.40,84.40,85.50,86.30,87.10
Australia and New Zealand,no data,no data,no data,no data,no data,no data,no data,no data,no data,21.80,21.30,25.90,31.30,33.70,34.00,33.00,30.50,27.20,25.10,23.80,20.80,18.50,16.50,14.70,13.40,12.20,11.00,10.50,12.60,17.60,21.40,25.20,28.50,31.10,34.10,37.30,39.60,39.50,39.30,39.40,38.80,38.00,37.10,35.60,34.30
Caribbean,no data,no data,no data,no data,no data,no data,no data,no data,no data,no data,no data,no data,no data,no data,no data,no data,no data,no data,no data,37.40,39.50,41.20,44.10,52.70,46.50,42.10,39.50,36.90,39.70,44.70,45.60,47.60,49.70,52.00,51.30,50.70,53.00,54.10,53.90,54.10,53.30,52.40,51.70,50.90,50.30
Central America,no data,no data,no data,no data,no data,no data,no data,no data,no data,no data,no data,no data,no data,no data,no data,no data,no data,no data,no data,no data,42.50,44.30,46.20,47.30,45.60,42.70,38.40,32.50,29.70,32.60,33.10,32.70,34.50,35.40,36.40,37.20,38.50,39.50,41.20,41.70,41.90,41.90,41.70,41.50,41.00
Central Asia and the Caucasus,no data,no data,no data,no data,no data,no data,no data,no data,no data,no data,no data,no data,no data,no data,no data,no data,no data,no data,no data,no data,no data,no data,68.30,61.00,52.70,45.40,36.80,30.90,30.50,34.90,32.00,28.50,26.30,25.40,24.10,25.40,26.20,27.20,27.80,28.10,26.90,26.60,26.50,26.00,25.10
East Asia,no data,no data,no data,no data,no data,no data,no data,no data,no data,no data,no data,no data,no data,no data,no data,80.60,81.20,80.70,89.00,98.80,102.90,102.80,105.40,108.80,112.50,110.10,102.50,95.70,96.70,107.10,106.30,107.40,105.80,96.00,93.00,87.00,94.20,92.30,92.70,95.50,97.50,99.30,101.10,102.60,104.10
Eastern Europe ,no data,no data,no data,no data,no data,no data,no data,no data,no data,no data,no data,no data,no data,no data,no data,no data,no data,no data,no data,56.40,45.70,40.30,38.20,35.10,30.40,26.40,22.40,20.30,20.80,26.50,28.00,27.90,27.70,29.40,32.80,35.60,36.30,33.40,31.90,31.60,31.70,31.80,31.90,32.30,32.60
Europe,no data,no data,no data,no data,no data,no data,no data,no data,no data,no data,no data,no data,no data,no data,no data,no data,no data,no data,no data,63.30,59.50,57.80,57.70,58.80,58.70,58.10,55.90,53.50,56.60,67.00,70.90,72.20,74.20,76.00,78.00,78.40,77.90,75.40,73.90,72.70,71.30,70.10,68.80,67.70,66.50
Middle East (Region),no data,no data,no data,no data,no data,no data,no data,no data,no data,no data,no data,no data,no data,no data,no data,no data,no data,no data,no data,no data,44.70,47.90,61.20,55.40,58.00,42.30,32.90,28.30,24.60,30.50,26.00,22.20,22.10,22.10,21.90,32.20,38.80,39.20,36.80,38.80,38.30,38.40,38.40,39.50,40.70
North Africa,no data,no data,no data,no data,no data,no data,no data,no data,no data,no data,no data,no data,no data,no data,no data,no data,no data,no data,no data,no data,no data,no data,68.80,no data,no data,no data,no data,no data,no data,no data,no data,45.70,47.90,53.10,54.80,61.70,70.20,70.30,68.90,71.00,70.70,68.90,66.90,63.50,62.40
North America,no data,no data,no data,no data,no data,no data,no data,no data,no data,no data,no data,no data,no data,no data,no data,no data,no data,no data,no data,no data,no data,54.00,56.10,59.00,65.10,64.30,62.90,63.00,71.00,83.60,90.70,94.20,97.50,99.00,99.10,100.60,103.00,102.10,101.70,102.50,103.00,103.50,104.10,104.30,104.30
Pacific Islands ,no data,no data,no data,no data,no data,no data,no data,no data,no data,no data,no data,no data,no data,no data,41.00,38.90,39.90,45.70,43.60,39.70,41.40,46.00,46.20,43.00,40.60,36.40,33.60,29.60,28.30,28.40,24.70,22.90,24.50,28.70,30.20,34.40,38.70,38.80,38.60,39.50,39.30,39.30,39.00,38.80,38.50
South America,no data,no data,no data,no data,no data,no data,no data,no data,no data,no data,no data,no data,no data,no data,no data,no data,no data,no data,no data,no data,50.70,54.40,74.70,70.70,64.70,57.80,53.40,51.00,48.50,51.80,50.60,50.10,50.30,50.30,52.10,55.70,59.40,65.10,74.80,75.30,75.20,75.20,75.10,74.70,74.50
South Asia,no data,no data,no data,no data,no data,no data,no data,no data,no data,no data,no data,no data,no data,no data,73.60,69.20,66.30,67.60,68.20,71.10,74.10,79.00,82.20,79.60,78.10,75.70,72.10,69.90,70.20,68.90,65.00,66.50,66.30,65.80,65.00,66.50,66.20,66.70,67.30,66.90,66.00,64.90,64.00,63.00,62.20
Southeast Asia,no data,no data,no data,no data,no data,no data,no data,no data,no data,no data,no data,no data,no data,no data,no data,no data,no data,no data,no data,no data,65.50,64.80,61.50,59.00,56.80,52.30,46.60,43.80,43.20,46.00,43.90,43.10,44.60,45.40,45.30,47.00,47.30,47.60,48.50,48.30,47.90,47.80,47.60,47.40,47.30
Sub-Saharan Africa (Region) ,no data,no data,no data,no data,no data,no data,no data,no data,no data,no data,no data,no data,no data,no data,no data,no data,no data,no data,no data,no data,70.80,68.10,60.80,55.20,49.90,40.90,31.20,27.30,26.50,30.80,29.50,31.40,31.70,33.60,35.30,41.40,46.60,48.60,51.60,51.60,51.20,50.90,50.50,50.00,49.50
Western Europe,no data,no data,no data,no data,no data,no data,no data,no data,no data,no data,no data,52.30,56.50,61.80,64.10,65.90,67.80,66.60,65.30,63.70,60.60,59.40,59.60,61.10,61.80,62.30,60.90,59.00,63.60,73.90,79.20,81.50,84.80,86.60,87.40,86.00,85.10,83.50,82.10,80.80,79.20,77.80,76.40,75.00,73.60
Western Hemisphere (Region),no data,no data,no data,no data,no data,no data,no data,no data,no data,no data,no data,no data,no data,no data,no data,no data,no data,no data,no data,no data,no data,53.90,57.40,59.80,64.90,63.40,61.60,61.20,67.30,78.40,83.20,85.10,88.10,89.60,90.30,93.00,95.90,95.80,97.40,98.20,98.50,98.90,99.30,99.40,99.30
ASEAN-5,no data,no data,no data,no data,no data,no data,no data,no data,no data,no data,no data,no data,no data,no data,no data,no data,no data,no data,no data,no data,62.20,58.40,55.50,52.60,50.40,45.80,40.50,37.60,36.40,38.30,36.50,35.20,36.50,38.00,38.30,39.60,39.30,39.30,39.90,39.70,39.40,39.30,39.20,39.10,38.90
Advanced economies,no data,no data,no data,no data,no data,no data,no data,no data,no data,no data,no data,no data,no data,no data,no data,no data,no data,no data,no data,no data,no data,69.60,70.70,72.80,76.50,76.00,73.30,71.00,77.80,91.00,97.40,101.50,105.60,104.20,103.60,103.10,105.60,103.60,102.60,103.00,102.70,102.60,102.50,102.20,101.90
Commonwealth of Independent States,no data,no data,no data,no data,no data,no data,no data,no data,no data,no data,no data,no data,no data,no data,no data,no data,no data,no data,no data,82.30,53.80,44.10,36.60,28.20,20.70,14.90,10.40,8.70,9.00,12.70,13.70,14.00,14.30,15.50,19.20,21.50,21.70,21.20,19.70,19.90,19.80,19.70,19.90,20.60,21.10
Emerging and Developing Asia,no data,no data,no data,no data,no data,no data,no data,no data,no data,no data,no data,no data,no data,no data,no data,no data,no data,no data,no data,no data,43.70,43.90,44.60,45.00,43.90,42.10,39.30,40.20,37.10,41.80,40.40,39.80,39.80,41.50,43.50,44.80,47.00,49.20,51.70,55.00,57.70,60.10,62.30,64.20,66.00
Emerging and Developing Europe,no data,no data,no data,no data,no data,no data,no data,no data,no data,no data,no data,no data,no data,no data,no data,no data,no data,no data,no data,no data,48.40,54.40,54.60,53.80,49.80,46.40,42.70,38.30,39.40,44.50,45.60,44.90,43.30,43.50,42.00,41.30,42.20,40.90,41.10,41.40,40.60,40.30,40.40,40.40,40.20
Emerging market and developing economies,no data,no data,no data,no data,no data,no data,no data,no data,no data,no data,no data,no data,no data,no data,no data,no data,no data,no data,no data,no data,47.70,48.40,52.10,50.20,47.20,42.10,37.50,35.80,34.00,39.00,37.90,37.20,37.20,38.50,40.40,43.80,46.80,48.50,50.60,53.00,54.50,55.90,57.30,58.50,59.70
Euro area,no data,no data,no data,no data,no data,no data,no data,no data,no data,no data,no data,no data,no data,no data,no data,70.90,72.80,72.30,71.90,70.70,68.20,67.10,67.00,68.20,68.50,69.30,67.40,65.00,68.70,79.20,84.60,86.60,89.70,91.60,91.80,89.90,89.10,86.80,85.00,83.60,81.80,80.30,78.60,77.20,75.70
European Union,no data,no data,no data,no data,no data,no data,no data,no data,no data,no data,no data,no data,no data,62.50,64.90,66.20,68.00,66.70,64.90,63.60,60.30,59.10,59.00,60.50,61.00,61.40,59.80,57.90,62.30,73.10,78.90,81.80,85.30,87.20,87.80,86.20,85.30,83.30,81.60,80.20,78.60,77.20,75.80,74.40,73.00
Latin America and the Caribbean,no data,no data,no data,no data,no data,no data,no data,no data,no data,no data,no data,no data,no data,no data,no data,no data,no data,no data,no data,no data,46.70,48.30,59.20,59.20,55.00,50.50,47.60,46.20,46.20,49.20,48.20,48.10,48.20,48.90,50.80,54.10,57.60,61.20,67.50,68.00,68.00,67.90,67.80,67.50,67.30
Major advanced economies (G7),no data,no data,no data,no data,no data,no data,no data,no data,no data,no data,no data,no data,no data,no data,no data,no data,no data,no data,no data,no data,no data,74.70,76.50,79.60,84.70,84.70,82.20,80.60,88.60,103.40,111.60,116.80,120.90,118.60,117.40,116.20,119.40,117.60,116.70,117.30,117.40,117.70,118.00,118.10,118.10
Middle East and North Africa,no data,no data,no data,no data,no data,no data,no data,no data,no data,no data,no data,no data,no data,no data,no data,no data,no data,no data,no data,54.30,46.80,49.00,60.50,55.10,56.20,42.20,33.70,28.70,24.20,30.50,27.10,23.90,24.90,25.60,25.90,36.90,44.70,44.10,41.60,44.40,44.10,43.90,43.40,43.70,44.60
"Middle East, North Africa, Afghanistan, and Pakistan",no data,no data,no data,no data,no data,no data,no data,no data,no data,no data,no data,no data,no data,no data,no data,no data,no data,no data,no data,56.20,49.00,51.40,63.20,57.50,57.60,44.20,35.20,30.40,26.30,32.50,29.20,26.20,27.40,28.20,28.50,39.10,46.50,46.00,44.20,46.80,46.70,46.70,46.60,47.10,48.00
Other advanced economies,no data,no data,no data,no data,no data,no data,no data,no data,no data,no data,no data,no data,no data,no data,no data,no data,no data,no data,no data,no data,35.20,33.90,34.40,35.30,35.30,34.30,33.50,31.50,33.00,35.80,36.00,36.40,37.80,39.10,40.10,41.20,41.60,41.30,41.10,40.80,40.30,40.00,39.60,39.10,38.50
Sub-Saharan Africa,no data,no data,no data,no data,no data,no data,no data,no data,no data,no data,no data,no data,no data,no data,no data,no data,no data,no data,no data,no data,67.60,65.00,57.50,52.10,47.50,38.90,29.30,25.50,24.70,28.60,27.40,29.60,29.60,31.60,33.60,39.50,44.40,46.40,49.20,49.20,48.90,48.70,48.50,48.10,47.80